23Ry,1Rx,periodicity error,period
-1.00000000000000002081668171172168513e-03,-1.00000000000000002081668171172168513e-03,4.87745549049721638175113494942310835e-01,7.67840000000000060254023992456495762e+01
-1.00000000000000002081668171172168513e-03,-9.00000000000000083787143889679782660e-04,2.83099394713075272168162257622916401e-01,7.69219999999999970441422192379832268e+01
-1.00000000000000002081668171172168513e-03,-8.00000000000000038337388819087436787e-04,1.58095057971404580444765112001415623e-01,7.04989999999999952251528156921267509e+01
-1.00000000000000002081668171172168513e-03,-6.99999999999999992887633748495090913e-04,1.40103181480471711932238538924845120e-01,6.40739999999999980673237587325274944e+01
-1.00000000000000002081668171172168513e-03,-6.00000000000000055858095926453188440e-04,1.04506628276736163138748584889576086e-01,6.41219999999999998863131622783839703e+01
-1.00000000000000002081668171172168513e-03,-5.00000000000000010408340855860842566e-04,8.54145813391148462284840504694080473e-02,6.41700000000000017053025658242404461e+01
-1.00000000000000002081668171172168513e-03,-4.00000000000000019168694409543718393e-04,7.45539211275595385247450853058201042e-02,6.42180000000000035242919693700969219e+01
-1.00000000000000002081668171172168513e-03,-3.00000000000000027929047963226594220e-04,6.86879457924068797835642859962557964e-02,6.42669999999999959072738420218229294e+01
-1.00000000000000002081668171172168513e-03,-2.00000000000000009584347204771859197e-04,6.65120228580039505152284312751582348e-02,6.43160000000000025011104298755526543e+01
-1.00000000000000002081668171172168513e-03,-1.00000000000000004792173602385929598e-04,6.77502625138660508450333424396029200e-02,6.43640000000000043200998334214091301e+01
-1.00000000000000002081668171172168513e-03,0.00000000000000000000000000000000000e+00,7.18379938749305206684628214258181766e-02,6.44090000000000060254023992456495762e+01
-1.00000000000000002081668171172168513e-03,1.00000000000000004792173602385929598e-04,7.84180734069226616683402837891023408e-02,6.44540000000000077307049650698900223e+01
-1.00000000000000002081668171172168513e-03,2.00000000000000009584347204771859197e-04,8.65165652080265021500439964489739675e-02,6.44989999999999952251528156921267509e+01
-1.00000000000000002081668171172168513e-03,3.00000000000000027929047963226594220e-04,9.65540013963739287280277292972042364e-02,6.45469999999999970441422192379832268e+01
-1.00000000000000002081668171172168513e-03,4.00000000000000019168694409543718393e-04,1.09292851783211440936994843655969890e-01,6.45960000000000036379788070917129517e+01
-1.00000000000000002081668171172168513e-03,5.00000000000000010408340855860842566e-04,1.24286005423613502500329991455431168e-01,6.46440000000000054569682106375694275e+01
-1.00000000000000002081668171172168513e-03,6.00000000000000055858095926453188440e-04,1.41361537361833212307020809203924407e-01,6.46920000000000072759576141834259033e+01
-1.00000000000000002081668171172168513e-03,6.99999999999999992887633748495090913e-04,1.60595084770245781492450122278672317e-01,6.47399999999999948840923025272786617e+01
-1.00000000000000002081668171172168513e-03,8.00000000000000038337388819087436787e-04,1.82091485665918647079738352509403670e-01,6.47879999999999967030817060731351376e+01
-1.00000000000000002081668171172168513e-03,9.00000000000000083787143889679782660e-04,2.01955461397034475591117518704884281e-01,5.82500000000000000000000000000000000e+01
-1.00000000000000002081668171172168513e-03,1.00000000000000002081668171172168513e-03,2.12050019310626427543818050106541503e-01,5.82890000000000014779288903810083866e+01
-9.00000000000000083787143889679782660e-04,-1.00000000000000002081668171172168513e-03,3.43468731813588940874849983354974751e-01,7.68280000000000029558577807620167732e+01
-9.00000000000000083787143889679782660e-04,-9.00000000000000083787143889679782660e-04,3.15147092845097416259417003220243925e-01,7.69540000000000077307049650698900223e+01
-9.00000000000000083787143889679782660e-04,-8.00000000000000038337388819087436787e-04,1.65798573535463207225258777974316660e-01,7.05150000000000005684341886080801487e+01
-9.00000000000000083787143889679782660e-04,-6.99999999999999992887633748495090913e-04,1.42970699935572094421390702894074232e-01,7.05420000000000015916157281026244164e+01
-9.00000000000000083787143889679782660e-04,-6.00000000000000055858095926453188440e-04,1.10112029591690741089255038547856573e-01,6.41299999999999954525264911353588104e+01
-9.00000000000000083787143889679782660e-04,-5.00000000000000010408340855860842566e-04,8.85452589929181858619695300543762090e-02,6.41779999999999972715158946812152863e+01
-9.00000000000000083787143889679782660e-04,-4.00000000000000019168694409543718393e-04,7.62645799987402601797354244082018187e-02,6.42259999999999990905052982270717621e+01
-9.00000000000000083787143889679782660e-04,-3.00000000000000027929047963226594220e-04,6.95694847016713234127715924681232597e-02,6.42750000000000056843418860808014870e+01
-9.00000000000000083787143889679782660e-04,-2.00000000000000009584347204771859197e-04,6.66773286373610249415139370556153307e-02,6.43239999999999980673237587325274944e+01
-9.00000000000000083787143889679782660e-04,-1.00000000000000004792173602385929598e-04,6.72437246342574177389229360064878094e-02,6.43730000000000046611603465862572193e+01
-9.00000000000000083787143889679782660e-04,0.00000000000000000000000000000000000e+00,7.06401517094387229529608600741963983e-02,6.44180000000000063664629124104976654e+01
-9.00000000000000083787143889679782660e-04,1.00000000000000004792173602385929598e-04,7.69019543144306194129231944894800529e-02,6.44630000000000080717654782347381115e+01
-9.00000000000000083787143889679782660e-04,2.00000000000000009584347204771859197e-04,8.46871594601081262164152147667142538e-02,6.45070000000000050022208597511053085e+01
-9.00000000000000083787143889679782660e-04,3.00000000000000027929047963226594220e-04,9.42205895451099853516102427797349628e-02,6.45540000000000020463630789890885353e+01
-9.00000000000000083787143889679782660e-04,4.00000000000000019168694409543718393e-04,1.06475054770511961119381559448121248e-01,6.46039999999999992041921359486877918e+01
-9.00000000000000083787143889679782660e-04,5.00000000000000010408340855860842566e-04,1.21043330826530324877546108879717817e-01,6.46520000000000010231815394945442677e+01
-9.00000000000000083787143889679782660e-04,6.00000000000000055858095926453188440e-04,1.37557870113074264703645538063411293e-01,6.47010000000000076170181273482739925e+01
-9.00000000000000083787143889679782660e-04,6.99999999999999992887633748495090913e-04,1.56382583852841536839537406134052298e-01,6.47489999999999952251528156921267509e+01
-9.00000000000000083787143889679782660e-04,8.00000000000000038337388819087436787e-04,1.77447025055478644950393527419631942e-01,6.47960000000000064801497501321136951e+01
-9.00000000000000083787143889679782660e-04,9.00000000000000083787143889679782660e-04,1.99992627323625398617056810598499433e-01,5.82590000000000003410605131648480892e+01
-9.00000000000000083787143889679782660e-04,1.00000000000000002081668171172168513e-03,2.09888588400710453807245351645710620e-01,5.82980000000000018189894035458564758e+01
-8.00000000000000038337388819087436787e-04,-1.00000000000000002081668171172168513e-03,2.98738376050990164094457490488971983e-01,7.68659999999999996589394868351519108e+01
-8.00000000000000038337388819087436787e-04,-9.00000000000000083787143889679782660e-04,4.05119534115690257804279030129439890e-01,7.70060000000000002273736754432320595e+01
-8.00000000000000038337388819087436787e-04,-8.00000000000000038337388819087436787e-04,1.76697088129093413699576943150742895e-01,7.05319999999999964757080306299030781e+01
-8.00000000000000038337388819087436787e-04,-6.99999999999999992887633748495090913e-04,1.45527823869612941126279738758254291e-01,7.05540000000000020463630789890885353e+01
-8.00000000000000038337388819087436787e-04,-6.00000000000000055858095926453188440e-04,1.16519897480946061851525424915852326e-01,6.41380000000000052295945351943373680e+01
-8.00000000000000038337388819087436787e-04,-5.00000000000000010408340855860842566e-04,9.20698487355054506036060263442896174e-02,6.41860000000000070485839387401938438e+01
-8.00000000000000038337388819087436787e-04,-4.00000000000000019168694409543718393e-04,7.82263754805399810282284648229306684e-02,6.42339999999999946567186270840466022e+01
-8.00000000000000038337388819087436787e-04,-3.00000000000000027929047963226594220e-04,7.06159818657792252266116744731374035e-02,6.42830000000000012505552149377763271e+01
-8.00000000000000038337388819087436787e-04,-2.00000000000000009584347204771859197e-04,6.70075782744947721787486114810673316e-02,6.43320000000000078443918027915060520e+01
-8.00000000000000038337388819087436787e-04,-1.00000000000000004792173602385929598e-04,6.68126472581022433237896944142691523e-02,6.43820000000000050022208597511053085e+01
-8.00000000000000038337388819087436787e-04,0.00000000000000000000000000000000000e+00,6.95187370896471549782218151573862891e-02,6.44270000000000067075234255753457546e+01
-8.00000000000000038337388819087436787e-04,1.00000000000000004792173602385929598e-04,7.54566013060835733590856520516693638e-02,6.44720000000000084128259913995862007e+01
-8.00000000000000038337388819087436787e-04,2.00000000000000009584347204771859197e-04,8.29208242853711915329582397442985705e-02,6.45160000000000053432813729159533978e+01
-8.00000000000000038337388819087436787e-04,3.00000000000000027929047963226594220e-04,9.19302498422545545345369191875690373e-02,6.45619999999999976125764078460633755e+01
-8.00000000000000038337388819087436787e-04,4.00000000000000019168694409543718393e-04,1.03744419604238899691944101593335918e-01,6.46119999999999947704054648056626320e+01
-8.00000000000000038337388819087436787e-04,5.00000000000000010408340855860842566e-04,1.17825467874436507395030007205182263e-01,6.46610000000000013642420526593923569e+01
-8.00000000000000038337388819087436787e-04,6.00000000000000055858095926453188440e-04,1.33874435976433687449661946748431338e-01,6.47090000000000031832314562052488327e+01
-8.00000000000000038337388819087436787e-04,6.99999999999999992887633748495090913e-04,1.52163620112516511476442516780535122e-01,6.47570000000000050022208597511053085e+01
-8.00000000000000038337388819087436787e-04,8.00000000000000038337388819087436787e-04,1.72834417984247816416692666415741212e-01,6.48050000000000068212102632969617844e+01
-8.00000000000000038337388819087436787e-04,9.00000000000000083787143889679782660e-04,1.95751002891780219846456138705485570e-01,6.48520000000000038653524825349450111e+01
-8.00000000000000038337388819087436787e-04,1.00000000000000002081668171172168513e-03,2.07773033194428770178766907156945694e-01,5.83070000000000021600499167107045650e+01
-6.99999999999999992887633748495090913e-04,-1.00000000000000002081668171172168513e-03,2.61511556757078954215760213956652724e-01,7.03580000000000040927261579781770706e+01
-6.99999999999999992887633748495090913e-04,-9.00000000000000083787143889679782660e-04,6.39285013244890442153272745058658989e-01,2.42100000000000026290081223123706877e+00
-6.99999999999999992887633748495090913e-04,-8.00000000000000038337388819087436787e-04,2.05548030685929045506295892453196543e-01,7.05370000000000061390892369672656059e+01
-6.99999999999999992887633748495090913e-04,-6.99999999999999992887633748495090913e-04,1.49145297535979601852698077078281576e-01,7.05660000000000025011104298755526543e+01
-6.99999999999999992887633748495090913e-04,-6.00000000000000055858095926453188440e-04,1.23888791793901028253281405638354783e-01,6.41460000000000007958078640513122082e+01
-6.99999999999999992887633748495090913e-04,-5.00000000000000010408340855860842566e-04,9.60448475415457096264735554163763149e-02,6.41940000000000026147972675971686840e+01
-6.99999999999999992887633748495090913e-04,-4.00000000000000019168694409543718393e-04,8.04889125143068278389507670246477942e-02,6.42420000000000044337866711430251598e+01
-6.99999999999999992887633748495090913e-04,-3.00000000000000027929047963226594220e-04,7.18379067523045848831047505002474328e-02,6.42909999999999968167685437947511673e+01
-6.99999999999999992887633748495090913e-04,-2.00000000000000009584347204771859197e-04,6.74759063116785097546355322582143323e-02,6.43400000000000034106051316484808922e+01
-6.99999999999999992887633748495090913e-04,-1.00000000000000004792173602385929598e-04,6.65413135824071116734641819469108207e-02,6.43900000000000005684341886080801487e+01
-6.99999999999999992887633748495090913e-04,0.00000000000000000000000000000000000e+00,6.88114575505901054365078699462382428e-02,6.44350000000000022737367544323205948e+01
-6.99999999999999992887633748495090913e-04,1.00000000000000004792173602385929598e-04,7.40748017279927300681691014556913574e-02,6.44800000000000039790393202565610409e+01
-6.99999999999999992887633748495090913e-04,2.00000000000000009584347204771859197e-04,8.12219813715860746890630276283447289e-02,6.45250000000000056843418860808014870e+01
-6.99999999999999992887633748495090913e-04,3.00000000000000027929047963226594220e-04,8.98643399974592294539402302584711469e-02,6.45690000000000026147972675971686840e+01
-6.99999999999999992887633748495090913e-04,4.00000000000000019168694409543718393e-04,1.01100200768718692376329968527477419e-01,6.46200000000000045474735088646411896e+01
-6.99999999999999992887633748495090913e-04,5.00000000000000010408340855860842566e-04,1.14692359406303519857222306363589635e-01,6.46689999999999969304553815163671970e+01
-6.99999999999999992887633748495090913e-04,6.00000000000000055858095926453188440e-04,1.30385343026955058304926710993624374e-01,6.47169999999999987494447850622236729e+01
-6.99999999999999992887633748495090913e-04,6.99999999999999992887633748495090913e-04,1.48221240647181947982013176938075359e-01,6.47650000000000005684341886080801487e+01
-6.99999999999999992887633748495090913e-04,8.00000000000000038337388819087436787e-04,1.68239369351443231449828728576200789e-01,6.48130000000000023874235921539366245e+01
-6.99999999999999992887633748495090913e-04,9.00000000000000083787143889679782660e-04,1.90814716629464990495123150542223871e-01,6.48599999999999994315658113919198513e+01
-6.99999999999999992887633748495090913e-04,1.00000000000000002081668171172168513e-03,2.05700298083969267047731896911463218e-01,5.83149999999999977262632455676794052e+01
-6.00000000000000055858095926453188440e-04,-1.00000000000000002081668171172168513e-03,2.19030358512400794695311027534457992e-01,7.03640000000000043200998334214091301e+01
-6.00000000000000055858095926453188440e-04,-9.00000000000000083787143889679782660e-04,6.39354453346134697889732384784579230e-01,2.42799999999999993605115378159098327e+00
-6.00000000000000055858095926453188440e-04,-8.00000000000000038337388819087436787e-04,2.49764284328841931020381126386259905e-01,7.05430000000000063664629124104976654e+01
-6.00000000000000055858095926453188440e-04,-6.99999999999999992887633748495090913e-04,1.53881329313372725772371355821697449e-01,7.05790000000000077307049650698900223e+01
-6.00000000000000055858095926453188440e-04,-6.00000000000000055858095926453188440e-04,1.32653281973168031437423043590044578e-01,6.41539999999999963620211929082870483e+01
-6.00000000000000055858095926453188440e-04,-5.00000000000000010408340855860842566e-04,1.00539276378972888570145769117664895e-01,6.42019999999999981810105964541435242e+01
-6.00000000000000055858095926453188440e-04,-4.00000000000000019168694409543718393e-04,8.30369447813785192091405562664448627e-02,6.42500000000000000000000000000000000e+01
-6.00000000000000055858095926453188440e-04,-3.00000000000000027929047963226594220e-04,7.32475817822202986640527355793673375e-02,6.42990000000000065938365878537297249e+01
-6.00000000000000055858095926453188440e-04,-2.00000000000000009584347204771859197e-04,6.80882451519053950066656173920175586e-02,6.43479999999999989768184605054557323e+01
-6.00000000000000055858095926453188440e-04,-1.00000000000000004792173602385929598e-04,6.63774868129303597775175287310815208e-02,6.43970000000000055706550483591854572e+01
-6.00000000000000055858095926453188440e-04,0.00000000000000000000000000000000000e+00,6.81855159637437910088042134142162987e-02,6.44440000000000026147972675971686840e+01
-6.00000000000000055858095926453188440e-04,1.00000000000000004792173602385929598e-04,7.27563105000061650483164995960025786e-02,6.44890000000000043200998334214091301e+01
-6.00000000000000055858095926453188440e-04,2.00000000000000009584347204771859197e-04,7.95913022575835282245945966006555310e-02,6.45340000000000060254023992456495762e+01
-6.00000000000000055858095926453188440e-04,3.00000000000000027929047963226594220e-04,8.79203629105631492694475979663062332e-02,6.45780000000000029558577807620167732e+01
-6.00000000000000055858095926453188440e-04,4.00000000000000019168694409543718393e-04,9.85417759994840418920388556672257463e-02,6.46280000000000001136868377216160297e+01
-6.00000000000000055858095926453188440e-04,5.00000000000000010408340855860842566e-04,1.11674615624878975482715607014891512e-01,6.46770000000000067075234255753457546e+01
-6.00000000000000055858095926453188440e-04,6.00000000000000055858095926453188440e-04,1.26989636022279608375928469488547459e-01,6.47249999999999943156581139191985130e+01
-6.00000000000000055858095926453188440e-04,6.99999999999999992887633748495090913e-04,1.44378565573620785266858802362637238e-01,6.47729999999999961346475174650549889e+01
-6.00000000000000055858095926453188440e-04,8.00000000000000038337388819087436787e-04,1.63923252071547207437779811675643599e-01,6.48209999999999979536369210109114647e+01
-6.00000000000000055858095926453188440e-04,9.00000000000000083787143889679782660e-04,1.85733690377431615589692047648759231e-01,6.48689999999999997726263245567679405e+01
-6.00000000000000055858095926453188440e-04,1.00000000000000002081668171172168513e-03,2.03669594069477059779139528671073671e-01,5.83239999999999980673237587325274944e+01
-5.00000000000000010408340855860842566e-04,-1.00000000000000002081668171172168513e-03,1.91449165065596448244659406895946109e-01,7.03670000000000044337866711430251598e+01
-5.00000000000000010408340855860842566e-04,-9.00000000000000083787143889679782660e-04,4.15612665130506170232103370917705950e-01,7.68769999999999953388396534137427807e+01
-5.00000000000000010408340855860842566e-04,-8.00000000000000038337388819087436787e-04,2.90031193300368778193559761136792667e-01,7.70259999999999962483343551866710186e+01
-5.00000000000000010408340855860842566e-04,-6.99999999999999992887633748495090913e-04,1.60030684834563388057452476422278373e-01,7.05940000000000082991391536779701710e+01
-5.00000000000000010408340855860842566e-04,-6.00000000000000055858095926453188440e-04,1.42600776184409760000669291908596350e-01,7.06230000000000046611603465862572193e+01
-5.00000000000000010408340855860842566e-04,-5.00000000000000010408340855860842566e-04,1.05638152928659129169069676290787817e-01,6.42100000000000079580786405131220818e+01
-5.00000000000000010408340855860842566e-04,-4.00000000000000019168694409543718393e-04,8.59041574199186868600197477952965317e-02,6.42579999999999955662133288569748402e+01
-5.00000000000000010408340855860842566e-04,-3.00000000000000027929047963226594220e-04,7.48595714719847053195134020653705173e-02,6.43070000000000021600499167107045650e+01
-5.00000000000000010408340855860842566e-04,-2.00000000000000009584347204771859197e-04,6.88465208202765165124845797132608900e-02,6.43550000000000039790393202565610409e+01
-5.00000000000000010408340855860842566e-04,-1.00000000000000004792173602385929598e-04,6.64690524981768873340354519203008192e-02,6.44050000000000011368683772161602974e+01
-5.00000000000000010408340855860842566e-04,0.00000000000000000000000000000000000e+00,6.76304486430545378965037247820386031e-02,6.44530000000000029558577807620167732e+01
-5.00000000000000010408340855860842566e-04,1.00000000000000004792173602385929598e-04,7.15114130320130252940920934356441876e-02,6.44980000000000046611603465862572193e+01
-5.00000000000000010408340855860842566e-04,2.00000000000000009584347204771859197e-04,7.80296029114004582135902897370389727e-02,6.45430000000000063664629124104976654e+01
-5.00000000000000010408340855860842566e-04,3.00000000000000027929047963226594220e-04,8.60426839758080196066482215259911684e-02,6.45870000000000032969182939268648624e+01
-5.00000000000000010408340855860842566e-04,4.00000000000000019168694409543718393e-04,9.61095858155355448120897106325803832e-02,6.46359999999999956799001665785908699e+01
-5.00000000000000010408340855860842566e-04,5.00000000000000010408340855860842566e-04,1.08793459716451010953963588292035929e-01,6.46850000000000022737367544323205948e+01
-5.00000000000000010408340855860842566e-04,6.00000000000000055858095926453188440e-04,1.23685873245038662217070358018244942e-01,6.47330000000000040927261579781770706e+01
-5.00000000000000010408340855860842566e-04,6.99999999999999992887633748495090913e-04,1.40633932707607264591578984265442739e-01,6.47810000000000059117155615240335464e+01
-5.00000000000000010408340855860842566e-04,8.00000000000000038337388819087436787e-04,1.59712242667484662421119928304530963e-01,6.48290000000000077307049650698900223e+01
-5.00000000000000010408340855860842566e-04,9.00000000000000083787143889679782660e-04,1.81026541306764771070228340937927785e-01,6.48769999999999953388396534137427807e+01
-5.00000000000000010408340855860842566e-04,1.00000000000000002081668171172168513e-03,2.01683920104855356364947215858546462e-01,5.83329999999999984083842718973755836e+01
-4.00000000000000019168694409543718393e-04,-1.00000000000000002081668171172168513e-03,1.78099291383084030896796797594981154e-01,7.03859999999999956799001665785908699e+01
-4.00000000000000019168694409543718393e-04,-9.00000000000000083787143889679782660e-04,3.27867265570477933011257019082221474e-01,7.69369999999999976125764078460633755e+01
-4.00000000000000019168694409543718393e-04,-8.00000000000000038337388819087436787e-04,3.30181533318989911382458879656855773e-01,7.70630000000000023874235921539366245e+01
-4.00000000000000019168694409543718393e-04,-6.99999999999999992887633748495090913e-04,1.68350722113515755391794849376069774e-01,7.06099999999999994315658113919198513e+01
-4.00000000000000019168694409543718393e-04,-6.00000000000000055858095926453188440e-04,1.43381412362913043576452835095968107e-01,7.06359999999999956799001665785908699e+01
-4.00000000000000019168694409543718393e-04,-5.00000000000000010408340855860842566e-04,1.11447271637307815420302371780768680e-01,6.42180000000000035242919693700969219e+01
-4.00000000000000019168694409543718393e-04,-4.00000000000000019168694409543718393e-04,8.91311344270643850085351356861535859e-02,6.42660000000000053432813729159533978e+01
-4.00000000000000019168694409543718393e-04,-3.00000000000000027929047963226594220e-04,7.66911581289871849380084635955246175e-02,6.43149999999999977262632455676794052e+01
-4.00000000000000019168694409543718393e-04,-2.00000000000000009584347204771859197e-04,6.96924828042348188211765046026817868e-02,6.43629999999999995452526491135358810e+01
-4.00000000000000019168694409543718393e-04,-1.00000000000000004792173602385929598e-04,6.66950363774516398727639075349720150e-02,6.44129999999999967030817060731351376e+01
-4.00000000000000019168694409543718393e-04,0.00000000000000000000000000000000000e+00,6.71486814562095567841206124242994196e-02,6.44620000000000032969182939268648624e+01
-4.00000000000000019168694409543718393e-04,1.00000000000000004792173602385929598e-04,7.03417262379853700304138769308164490e-02,6.45070000000000050022208597511053085e+01
-4.00000000000000019168694409543718393e-04,2.00000000000000009584347204771859197e-04,7.65267589444354187361266619515949378e-02,6.45510000000000019326762412674725056e+01
-4.00000000000000019168694409543718393e-04,3.00000000000000027929047963226594220e-04,8.42315598259636698140835771919956607e-02,6.45960000000000036379788070917129517e+01
-4.00000000000000019168694409543718393e-04,4.00000000000000019168694409543718393e-04,9.37988051093702848369692363859461568e-02,6.46440000000000054569682106375694275e+01
-4.00000000000000019168694409543718393e-04,5.00000000000000010408340855860842566e-04,1.05998880473405681829845320903477429e-01,6.46929999999999978399500832892954350e+01
-4.00000000000000019168694409543718393e-04,6.00000000000000055858095926453188440e-04,1.20472672086067888176019075856046315e-01,6.47409999999999996589394868351519108e+01
-4.00000000000000019168694409543718393e-04,6.99999999999999992887633748495090913e-04,1.36869960369875000414160385180081634e-01,6.47900000000000062527760746888816357e+01
-4.00000000000000019168694409543718393e-04,8.00000000000000038337388819087436787e-04,1.55498893536879618231798494957116194e-01,6.48380000000000080717654782347381115e+01
-4.00000000000000019168694409543718393e-04,9.00000000000000083787143889679782660e-04,1.76430211892170974240697316664751562e-01,6.48850000000000051159076974727213383e+01
-4.00000000000000019168694409543718393e-04,1.00000000000000002081668171172168513e-03,1.99584644718766506855057951276346971e-01,6.49330000000000069348971010185778141e+01
-3.00000000000000027929047963226594220e-04,-1.00000000000000002081668171172168513e-03,1.68367777796656644690929978372234976e-01,7.04030000000000057980287238024175167e+01
-3.00000000000000027929047963226594220e-04,-9.00000000000000083787143889679782660e-04,2.91522345332197731164840690218723718e-01,7.69710000000000036379788070917129517e+01
-3.00000000000000027929047963226594220e-04,-8.00000000000000038337388819087436787e-04,4.89827187316038793433605668959536213e-01,7.71009999999999990905052982270717621e+01
-3.00000000000000027929047963226594220e-04,-6.99999999999999992887633748495090913e-04,1.83450699010020619138015205844255686e-01,7.06239999999999952251528156921267509e+01
-3.00000000000000027929047963226594220e-04,-6.00000000000000055858095926453188440e-04,1.46464537928889597874839315556495122e-01,7.06479999999999961346475174650549889e+01
-3.00000000000000027929047963226594220e-04,-5.00000000000000010408340855860842566e-04,1.18109531347698989388246283557783176e-01,6.42259999999999990905052982270717621e+01
-3.00000000000000027929047963226594220e-04,-4.00000000000000019168694409543718393e-04,9.27669781526455375453070812924260620e-02,6.42740000000000009094947017729282379e+01
-3.00000000000000027929047963226594220e-04,-3.00000000000000027929047963226594220e-04,7.87629231897804894000123263795424859e-02,6.43230000000000075033312896266579628e+01
-3.00000000000000027929047963226594220e-04,-2.00000000000000009584347204771859197e-04,7.07055565110303792006655800957550321e-02,6.43709999999999951114659779705107212e+01
-3.00000000000000027929047963226594220e-04,-1.00000000000000004792173602385929598e-04,6.69774560329458797079986226092340754e-02,6.44200000000000017053025658242404461e+01
-3.00000000000000027929047963226594220e-04,0.00000000000000000000000000000000000e+00,6.67304451357420481679025334503563692e-02,6.44699999999999988631316227838397026e+01
-3.00000000000000027929047963226594220e-04,1.00000000000000004792173602385929598e-04,6.93428838935469212136829414256316220e-02,6.45150000000000005684341886080801487e+01
-3.00000000000000027929047963226594220e-04,2.00000000000000009584347204771859197e-04,7.50898272125012967394930757993499238e-02,6.45600000000000022737367544323205948e+01
-3.00000000000000027929047963226594220e-04,3.00000000000000027929047963226594220e-04,8.24873968241932456171347336801052252e-02,6.46050000000000039790393202565610409e+01
-3.00000000000000027929047963226594220e-04,4.00000000000000019168694409543718393e-04,9.15058846180654854931626422969749436e-02,6.46509999999999962483343551866710186e+01
-3.00000000000000027929047963226594220e-04,5.00000000000000010408340855860842566e-04,1.03290037960866453162235707976333694e-01,6.47010000000000076170181273482739925e+01
-3.00000000000000027929047963226594220e-04,6.00000000000000055858095926453188440e-04,1.17300947595807646535816684958059017e-01,6.47500000000000000000000000000000000e+01
-3.00000000000000027929047963226594220e-04,6.99999999999999992887633748495090913e-04,1.33217256055498359869097057607387106e-01,6.47980000000000018189894035458564758e+01
-3.00000000000000027929047963226594220e-04,8.00000000000000038337388819087436787e-04,1.51364002719442706602382933227033672e-01,6.48460000000000036379788070917129517e+01
-3.00000000000000027929047963226594220e-04,9.00000000000000083787143889679782660e-04,1.71751593944675296154205523391507236e-01,6.48940000000000054569682106375694275e+01
-3.00000000000000027929047963226594220e-04,1.00000000000000002081668171172168513e-03,1.94584681312244848750004360412754216e-01,6.49410000000000025011104298755526543e+01
-2.00000000000000009584347204771859197e-04,-1.00000000000000002081668171172168513e-03,1.61252167924262281024344775695455576e-01,7.04170000000000015916157281026244164e+01
-2.00000000000000009584347204771859197e-04,-9.00000000000000083787143889679782660e-04,2.48217709833547446937639399337783656e-01,7.04510000000000076170181273482739925e+01
-2.00000000000000009584347204771859197e-04,-8.00000000000000038337388819087436787e-04,6.39216789105060110098876606771701907e-01,2.45299999999999984723331181157846004e+00
-2.00000000000000009584347204771859197e-04,-6.99999999999999992887633748495090913e-04,2.16002347771310109226513418296561467e-01,7.06290000000000048885340220294892788e+01
-2.00000000000000009584347204771859197e-04,-6.00000000000000055858095926453188440e-04,1.50385135083171972809463509550003878e-01,7.06599999999999965893948683515191078e+01
-2.00000000000000009584347204771859197e-04,-5.00000000000000010408340855860842566e-04,1.26103834729930735446935124829317734e-01,6.42349999999999994315658113919198513e+01
-2.00000000000000009584347204771859197e-04,-4.00000000000000019168694409543718393e-04,9.68714138379207733892305669874270892e-02,6.42819999999999964757080306299030781e+01
-2.00000000000000009584347204771859197e-04,-3.00000000000000027929047963226594220e-04,8.10994586685058728409810537889852237e-02,6.43310000000000030695446184836328030e+01
-2.00000000000000009584347204771859197e-04,-2.00000000000000009584347204771859197e-04,7.18977213822993024776576037805749529e-02,6.43790000000000048885340220294892788e+01
-2.00000000000000009584347204771859197e-04,-1.00000000000000004792173602385929598e-04,6.73770960682679173797254964620135567e-02,6.44279999999999972715158946812152863e+01
-2.00000000000000009584347204771859197e-04,0.00000000000000000000000000000000000e+00,6.64281533013911256870481472914388451e-02,6.44779999999999944293449516408145428e+01
-2.00000000000000009584347204771859197e-04,1.00000000000000004792173602385929598e-04,6.86696203992041696047342843933256637e-02,6.45240000000000009094947017729282379e+01
-2.00000000000000009584347204771859197e-04,2.00000000000000009584347204771859197e-04,7.37239672599194365041514339337242303e-02,6.45690000000000026147972675971686840e+01
-2.00000000000000009584347204771859197e-04,3.00000000000000027929047963226594220e-04,8.08107498319342694583440054495451502e-02,6.46140000000000043200998334214091301e+01
-2.00000000000000009584347204771859197e-04,4.00000000000000019168694409543718393e-04,8.93990647622857818289195782111324944e-02,6.46590000000000060254023992456495762e+01
-2.00000000000000009584347204771859197e-04,5.00000000000000010408340855860842566e-04,1.00666213019733404248226627339393477e-01,6.47090000000000031832314562052488327e+01
-2.00000000000000009584347204771859197e-04,6.00000000000000055858095926453188440e-04,1.14182264503550903613443525275963680e-01,6.47579999999999955662133288569748402e+01
-2.00000000000000009584347204771859197e-04,6.99999999999999992887633748495090913e-04,1.29761174726067500142935823224884202e-01,6.48059999999999973852027324028313160e+01
-2.00000000000000009584347204771859197e-04,8.00000000000000038337388819087436787e-04,1.47461203891867817681168297568469945e-01,6.48539999999999992041921359486877918e+01
-2.00000000000000009584347204771859197e-04,9.00000000000000083787143889679782660e-04,1.67315158261980390624219415426446285e-01,6.49020000000000010231815394945442677e+01
-2.00000000000000009584347204771859197e-04,1.00000000000000002081668171172168513e-03,1.89529931882653082924574127448019492e-01,6.49500000000000028421709430404007435e+01
-1.00000000000000004792173602385929598e-04,-1.00000000000000002081668171172168513e-03,1.55606682450073246511421885882658294e-01,7.04309999999999973852027324028313160e+01
-1.00000000000000004792173602385929598e-04,-9.00000000000000083787143889679782660e-04,2.10627645680714951878203271306313157e-01,7.04560000000000030695446184836328030e+01
-1.00000000000000004792173602385929598e-04,-8.00000000000000038337388819087436787e-04,6.39287951470344793997566674385424457e-01,2.45999999999999996447286321199499071e+00
-1.00000000000000004792173602385929598e-04,-6.99999999999999992887633748495090913e-04,2.66267568617893401343201748819179642e-01,7.06359999999999956799001665785908699e+01
-1.00000000000000004792173602385929598e-04,-6.00000000000000055858095926453188440e-04,1.55403706709957214471692165235780641e-01,7.06740000000000065938365878537297249e+01
-1.00000000000000004792173602385929598e-04,-5.00000000000000010408340855860842566e-04,1.35008415950347862951166748641127244e-01,6.42429999999999949977791402488946915e+01
-1.00000000000000004792173602385929598e-04,-4.00000000000000019168694409543718393e-04,1.01521627551955749519951128323914582e-01,6.42900000000000062527760746888816357e+01
-1.00000000000000004792173602385929598e-04,-3.00000000000000027929047963226594220e-04,8.37302416709878504926126647178322461e-02,6.43389999999999986357579473406076431e+01
-1.00000000000000004792173602385929598e-04,-2.00000000000000009584347204771859197e-04,7.33408626522472112481384065740880087e-02,6.43870000000000004547473508864641190e+01
-1.00000000000000004792173602385929598e-04,-1.00000000000000004792173602385929598e-04,6.79988152076240061651841474381070309e-02,6.44360000000000070485839387401938438e+01
-1.00000000000000004792173602385929598e-04,0.00000000000000000000000000000000000e+00,6.63268485371591255480078419596099739e-02,6.44860000000000042064129956997931004e+01
-1.00000000000000004792173602385929598e-04,1.00000000000000004792173602385929598e-04,6.80653419935033803984562561503511137e-02,6.45330000000000012505552149377763271e+01
-1.00000000000000004792173602385929598e-04,2.00000000000000009584347204771859197e-04,7.24305655887644533630400835613249437e-02,6.45780000000000029558577807620167732e+01
-1.00000000000000004792173602385929598e-04,3.00000000000000027929047963226594220e-04,7.91896634953264799255812564603543178e-02,6.46219999999999998863131622783839703e+01
-1.00000000000000004792173602385929598e-04,4.00000000000000019168694409543718393e-04,8.74436258885946874537576553169371430e-02,6.46670000000000015916157281026244164e+01
-1.00000000000000004792173602385929598e-04,5.00000000000000010408340855860842566e-04,9.81268173844943548479632011042060750e-02,6.47169999999999987494447850622236729e+01
-1.00000000000000004792173602385929598e-04,6.00000000000000055858095926453188440e-04,1.11183122351337260149415070726092911e-01,6.47660000000000053432813729159533978e+01
-1.00000000000000004792173602385929598e-04,6.99999999999999992887633748495090913e-04,1.26396957700361782578747562094793569e-01,6.48140000000000071622707764618098736e+01
-1.00000000000000004792173602385929598e-04,8.00000000000000038337388819087436787e-04,1.43656682671211218154238517706538790e-01,6.48619999999999947704054648056626320e+01
-1.00000000000000004792173602385929598e-04,9.00000000000000083787143889679782660e-04,1.63043502137422177772037835725936567e-01,6.49099999999999965893948683515191078e+01
-1.00000000000000004792173602385929598e-04,1.00000000000000002081668171172168513e-03,1.84668623547241398753059295342400359e-01,6.49579999999999984083842718973755836e+01
0.00000000000000000000000000000000000e+00,-1.00000000000000002081668171172168513e-03,1.51298171281038565459672975485572586e-01,7.04429999999999978399500832892954350e+01
0.00000000000000000000000000000000000e+00,-9.00000000000000083787143889679782660e-04,1.87432392033726198412982091926119840e-01,7.04630000000000080717654782347381115e+01
0.00000000000000000000000000000000000e+00,-8.00000000000000038337388819087436787e-04,3.82015119970680889134316044191730703e-01,7.69950000000000045474735088646411896e+01
0.00000000000000000000000000000000000e+00,-6.99999999999999992887633748495090913e-04,2.98408655935854758206535639277193163e-01,7.71310000000000002273736754432320595e+01
0.00000000000000000000000000000000000e+00,-6.00000000000000055858095926453188440e-04,1.62106506348062200076381125117208866e-01,7.06890000000000071622707764618098736e+01
0.00000000000000000000000000000000000e+00,-5.00000000000000010408340855860842566e-04,1.42664702718181403989880374407301282e-01,7.07180000000000035242919693700969219e+01
0.00000000000000000000000000000000000e+00,-4.00000000000000019168694409543718393e-04,1.06936548274716616242460710790044756e-01,6.42980000000000018189894035458564758e+01
0.00000000000000000000000000000000000e+00,-3.00000000000000027929047963226594220e-04,8.66907185693393972545109886977439577e-02,6.43470000000000084128259913995862007e+01
0.00000000000000000000000000000000000e+00,-2.00000000000000009584347204771859197e-04,7.50003342776501049787282719558174450e-02,6.43949999999999960209606797434389591e+01
0.00000000000000000000000000000000000e+00,-1.00000000000000004792173602385929598e-04,6.87891128798493786973086285740807188e-02,6.44440000000000026147972675971686840e+01
0.00000000000000000000000000000000000e+00,0.00000000000000000000000000000000000e+00,6.64099984708818917753647255817973674e-02,6.44929999999999949977791402488946915e+01
0.00000000000000000000000000000000000e+00,1.00000000000000004792173602385929598e-04,6.75189270777356072939432074135346866e-02,6.45409999999999968167685437947511673e+01
0.00000000000000000000000000000000000e+00,2.00000000000000009584347204771859197e-04,7.11975799973632280236399371127180359e-02,6.45859999999999985220711096189916134e+01
0.00000000000000000000000000000000000e+00,3.00000000000000027929047963226594220e-04,7.76363513785036300671816275241216531e-02,6.46310000000000002273736754432320595e+01
0.00000000000000000000000000000000000e+00,4.00000000000000019168694409543718393e-04,8.55869169503864819970661224061938170e-02,6.46760000000000019326762412674725056e+01
0.00000000000000000000000000000000000e+00,5.00000000000000010408340855860842566e-04,9.56714037508177872059052982247347531e-02,6.47249999999999943156581139191985130e+01
0.00000000000000000000000000000000000e+00,6.00000000000000055858095926453188440e-04,1.08325366445559331839484489375695276e-01,6.47740000000000009094947017729282379e+01
0.00000000000000000000000000000000000e+00,6.99999999999999992887633748495090913e-04,1.23123144457976654353994103962601475e-01,6.48220000000000027284841053187847137e+01
0.00000000000000000000000000000000000e+00,8.00000000000000038337388819087436787e-04,1.39948740023593842225096387935290533e-01,6.48700000000000045474735088646411896e+01
0.00000000000000000000000000000000000e+00,9.00000000000000083787143889679782660e-04,1.58875641587593395509980800542192429e-01,6.49180000000000063664629124104976654e+01
0.00000000000000000000000000000000000e+00,1.00000000000000002081668171172168513e-03,1.80010487480823102359648756382818420e-01,6.49660000000000081854523159563541412e+01
1.00000000000000004792173602385929598e-04,-1.00000000000000002081668171172168513e-03,1.48918946103472036151022221462984326e-01,7.04560000000000030695446184836328030e+01
1.00000000000000004792173602385929598e-04,-9.00000000000000083787143889679782660e-04,1.75319145077277777190958818648922705e-01,7.04819999999999993178789736703038216e+01
1.00000000000000004792173602385929598e-04,-8.00000000000000038337388819087436787e-04,3.15423772627986184101661254388302318e-01,7.70450000000000017053025658242404461e+01
1.00000000000000004792173602385929598e-04,-6.99999999999999992887633748495090913e-04,3.49578548485477571398343246416517339e-01,7.71749999999999971578290569595992565e+01
1.00000000000000004792173602385929598e-04,-6.00000000000000055858095926453188440e-04,1.71279443010171725135489985533441799e-01,7.07060000000000030695446184836328030e+01
1.00000000000000004792173602385929598e-04,-5.00000000000000010408340855860842566e-04,1.44178670938238771762214245942742407e-01,7.07300000000000039790393202565610409e+01
1.00000000000000004792173602385929598e-04,-4.00000000000000019168694409543718393e-04,1.13148180747898835734837418086954048e-01,6.43070000000000021600499167107045650e+01
1.00000000000000004792173602385929598e-04,-3.00000000000000027929047963226594220e-04,9.00236672035058372201958331305491263e-02,6.43550000000000039790393202565610409e+01
1.00000000000000004792173602385929598e-04,-2.00000000000000009584347204771859197e-04,7.68853668205178531656835805031849211e-02,6.44030000000000057980287238024175167e+01
1.00000000000000004792173602385929598e-04,-1.00000000000000004792173602385929598e-04,6.97415685607204503187154919036646829e-02,6.44519999999999981810105964541435242e+01
1.00000000000000004792173602385929598e-04,0.00000000000000000000000000000000000e+00,6.65366578543451130351100968241268525e-02,6.45010000000000047748471843078732491e+01
1.00000000000000004792173602385929598e-04,1.00000000000000004792173602385929598e-04,6.70435560420836549817263043633280203e-02,6.45499999999999971578290569595992565e+01
1.00000000000000004792173602385929598e-04,2.00000000000000009584347204771859197e-04,7.00343837801415331101463046455531718e-02,6.45949999999999988631316227838397026e+01
1.00000000000000004792173602385929598e-04,3.00000000000000027929047963226594220e-04,7.61519055483317617665086394987078343e-02,6.46400000000000005684341886080801487e+01
1.00000000000000004792173602385929598e-04,4.00000000000000019168694409543718393e-04,8.37936809033849848379842488568100550e-02,6.46839999999999974988895701244473457e+01
1.00000000000000004792173602385929598e-04,5.00000000000000010408340855860842566e-04,9.33578677613199037798158818020114851e-02,6.47330000000000040927261579781770706e+01
1.00000000000000004792173602385929598e-04,6.00000000000000055858095926453188440e-04,1.05552696327290748050817163613461574e-01,6.47819999999999964757080306299030781e+01
1.00000000000000004792173602385929598e-04,6.99999999999999992887633748495090913e-04,1.19938338426448198531379215365222434e-01,6.48299999999999982946974341757595539e+01
1.00000000000000004792173602385929598e-04,8.00000000000000038337388819087436787e-04,1.36147967205603131997144823391922415e-01,6.48790000000000048885340220294892788e+01
1.00000000000000004792173602385929598e-04,9.00000000000000083787143889679782660e-04,1.54574619430790465528789154860625895e-01,6.49270000000000067075234255753457546e+01
1.00000000000000004792173602385929598e-04,1.00000000000000002081668171172168513e-03,1.75382960376302172797073008509751547e-01,6.49749999999999943156581139191985130e+01
2.00000000000000009584347204771859197e-04,-1.00000000000000002081668171172168513e-03,1.47612602483806272966201986609603743e-01,7.04690000000000082991391536779701710e+01
2.00000000000000009584347204771859197e-04,-9.00000000000000083787143889679782660e-04,1.66477301481588373893235331895771312e-01,7.04969999999999998863131622783839703e+01
2.00000000000000009584347204771859197e-04,-8.00000000000000038337388819087436787e-04,2.85550911782796300683473661974967747e-01,7.70750000000000028421709430404007435e+01
2.00000000000000009584347204771859197e-04,-6.99999999999999992887633748495090913e-04,6.22868109349818316166232228294328388e-01,7.71959999999999979536369210109114647e+01
2.00000000000000009584347204771859197e-04,-6.00000000000000055858095926453188440e-04,1.91164660607187865851114416936574666e-01,7.07160000000000081854523159563541412e+01
2.00000000000000009584347204771859197e-04,-5.00000000000000010408340855860842566e-04,1.47455598155128262840390024028554023e-01,7.07420000000000044337866711430251598e+01
2.00000000000000009584347204771859197e-04,-4.00000000000000019168694409543718393e-04,1.20063184669397396764622843446347365e-01,6.43149999999999977262632455676794052e+01
2.00000000000000009584347204771859197e-04,-3.00000000000000027929047963226594220e-04,9.37809395266335085580927887541588103e-02,6.43629999999999995452526491135358810e+01
2.00000000000000009584347204771859197e-04,-2.00000000000000009584347204771859197e-04,7.90175135762010655210322647187271821e-02,6.44110000000000013642420526593923569e+01
2.00000000000000009584347204771859197e-04,-1.00000000000000004792173602385929598e-04,7.08658551665262569055424154076741880e-02,6.44600000000000079580786405131220818e+01
2.00000000000000009584347204771859197e-04,0.00000000000000000000000000000000000e+00,6.69094403203237987482368915949472057e-02,6.45090000000000003410605131648480892e+01
2.00000000000000009584347204771859197e-04,1.00000000000000004792173602385929598e-04,6.66445095487026090490592007929928409e-02,6.45589999999999974988895701244473457e+01
2.00000000000000009584347204771859197e-04,2.00000000000000009584347204771859197e-04,6.91984791236023766576438500536447015e-02,6.46039999999999992041921359486877918e+01
2.00000000000000009584347204771859197e-04,3.00000000000000027929047963226594220e-04,7.47374694919497567540433230226956182e-02,6.46490000000000009094947017729282379e+01
2.00000000000000009584347204771859197e-04,4.00000000000000019168694409543718393e-04,8.20596606622338579133599407192904907e-02,6.46929999999999978399500832892954350e+01
2.00000000000000009584347204771859197e-04,5.00000000000000010408340855860842566e-04,9.11404675142279346981333251628342892e-02,6.47399999999999948840923025272786617e+01
2.00000000000000009584347204771859197e-04,6.00000000000000055858095926453188440e-04,1.02864293739224748421795040470220693e-01,6.47900000000000062527760746888816357e+01
2.00000000000000009584347204771859197e-04,6.99999999999999992887633748495090913e-04,1.16751875736076812446631375841006175e-01,6.48389999999999986357579473406076431e+01
2.00000000000000009584347204771859197e-04,8.00000000000000038337388819087436787e-04,1.32600647685811708787940552099381318e-01,6.48870000000000004547473508864641190e+01
2.00000000000000009584347204771859197e-04,9.00000000000000083787143889679782660e-04,1.50609348531084809701944446792490406e-01,6.49350000000000022737367544323205948e+01
2.00000000000000009584347204771859197e-04,1.00000000000000002081668171172168513e-03,1.70770624522808850781415358561037233e-01,6.49830000000000040927261579781770706e+01
3.00000000000000027929047963226594220e-04,-1.00000000000000002081668171172168513e-03,1.44988276506620814707317475210884891e-01,6.40220000000000055706550483591854572e+01
3.00000000000000027929047963226594220e-04,-9.00000000000000083787143889679782660e-04,1.59641343064852435141496509553336209e-01,7.05120000000000004547473508864641190e+01
3.00000000000000027929047963226594220e-04,-8.00000000000000038337388819087436787e-04,2.36399840343241875944297029681416770e-01,7.05430000000000063664629124104976654e+01
3.00000000000000027929047963226594220e-04,-6.99999999999999992887633748495090913e-04,6.39149462476562070115435993844413396e-01,2.48399999999999998578914528479799628e+00
3.00000000000000027929047963226594220e-04,-6.00000000000000055858095926453188440e-04,2.27497577834631325841452668010075334e-01,7.07220000000000084128259913995862007e+01
3.00000000000000027929047963226594220e-04,-5.00000000000000010408340855860842566e-04,1.51654770382308867503566302560412916e-01,7.07549999999999954525264911353588104e+01
3.00000000000000027929047963226594220e-04,-4.00000000000000019168694409543718393e-04,1.28048436240182674092409701757593450e-01,6.43230000000000075033312896266579628e+01
3.00000000000000027929047963226594220e-04,-3.00000000000000027929047963226594220e-04,9.80257389793862834583553989285308776e-02,6.43709999999999951114659779705107212e+01
3.00000000000000027929047963226594220e-04,-2.00000000000000009584347204771859197e-04,8.14225693180578666393418291136241723e-02,6.44189999999999969304553815163671970e+01
3.00000000000000027929047963226594220e-04,-1.00000000000000004792173602385929598e-04,7.21733254806624302345443170809305236e-02,6.44680000000000035242919693700969219e+01
3.00000000000000027929047963226594220e-04,0.00000000000000000000000000000000000e+00,6.74317178549650056280157373375397495e-02,6.45169999999999959072738420218229294e+01
3.00000000000000027929047963226594220e-04,1.00000000000000004792173602385929598e-04,6.63340701957116948191990675469000736e-02,6.45670000000000072759576141834259033e+01
3.00000000000000027929047963226594220e-04,2.00000000000000009584347204771859197e-04,6.85326430692832167278825410055001057e-02,6.46119999999999947704054648056626320e+01
3.00000000000000027929047963226594220e-04,3.00000000000000027929047963226594220e-04,7.33858498393536641684397115153700840e-02,6.46569999999999964757080306299030781e+01
3.00000000000000027929047963226594220e-04,4.00000000000000019168694409543718393e-04,8.03918902557074948508566267312307542e-02,6.47019999999999981810105964541435242e+01
3.00000000000000027929047963226594220e-04,5.00000000000000010408340855860842566e-04,8.89394653141169711255407695310878226e-02,6.47480000000000046611603465862572193e+01
3.00000000000000027929047963226594220e-04,6.00000000000000055858095926453188440e-04,1.00259468738988503050860123547173164e-01,6.47980000000000018189894035458564758e+01
3.00000000000000027929047963226594220e-04,6.99999999999999992887633748495090913e-04,1.13649398362203251555921858080652878e-01,6.48470000000000084128259913995862007e+01
3.00000000000000027929047963226594220e-04,8.00000000000000038337388819087436787e-04,1.29176638432402742354575703645762286e-01,6.48949999999999960209606797434389591e+01
3.00000000000000027929047963226594220e-04,9.00000000000000083787143889679782660e-04,1.46745458943862547602030242960389388e-01,6.49429999999999978399500832892954350e+01
3.00000000000000027929047963226594220e-04,1.00000000000000002081668171172168513e-03,1.66438703177635931688452369385197668e-01,6.49909999999999996589394868351519108e+01
4.00000000000000019168694409543718393e-04,-1.00000000000000002081668171172168513e-03,1.37040108972555439002501031789792234e-01,6.40300000000000011368683772161602974e+01
4.00000000000000019168694409543718393e-04,-9.00000000000000083787143889679782660e-04,1.54452990488767813585089893054982777e-01,7.05250000000000056843418860808014870e+01
4.00000000000000019168694409543718393e-04,-8.00000000000000038337388819087436787e-04,2.03133786323263837756682779389549437e-01,7.05480000000000018189894035458564758e+01
4.00000000000000019168694409543718393e-04,-6.99999999999999992887633748495090913e-04,5.54409228034855897785846026381595866e-01,7.70780000000000029558577807620167732e+01
4.00000000000000019168694409543718393e-04,-6.00000000000000055858095926453188440e-04,2.80222068537714530062405114802164826e-01,7.72070000000000078443918027915060520e+01
4.00000000000000019168694409543718393e-04,-5.00000000000000010408340855860842566e-04,1.57115572365722301894784122721713789e-01,7.07690000000000054569682106375694275e+01
4.00000000000000019168694409543718393e-04,-4.00000000000000019168694409543718393e-04,1.37342452363058850959408006557035134e-01,6.43310000000000030695446184836328030e+01
4.00000000000000019168694409543718393e-04,-3.00000000000000027929047963226594220e-04,1.02835663840241688219819926139478361e-01,6.43790000000000048885340220294892788e+01
4.00000000000000019168694409543718393e-04,-2.00000000000000009584347204771859197e-04,8.41315035360382425838999442565120691e-02,6.44270000000000067075234255753457546e+01
4.00000000000000019168694409543718393e-04,-1.00000000000000004792173602385929598e-04,7.36773740377602716449727459882408348e-02,6.44759999999999990905052982270717621e+01
4.00000000000000019168694409543718393e-04,0.00000000000000000000000000000000000e+00,6.81032208993873656732368600375104284e-02,6.45250000000000056843418860808014870e+01
4.00000000000000019168694409543718393e-04,1.00000000000000004792173602385929598e-04,6.62715558949751265653989549730841601e-02,6.45750000000000028421709430404007435e+01
4.00000000000000019168694409543718393e-04,2.00000000000000009584347204771859197e-04,6.79329545659389102617470278626462012e-02,6.46209999999999951114659779705107212e+01
4.00000000000000019168694409543718393e-04,3.00000000000000027929047963226594220e-04,7.20982057778450363131547482196785777e-02,6.46659999999999968167685437947511673e+01
4.00000000000000019168694409543718393e-04,4.00000000000000019168694409543718393e-04,7.87911087550207413113476685178489284e-02,6.47109999999999985220711096189916134e+01
4.00000000000000019168694409543718393e-04,5.00000000000000010408340855860842566e-04,8.69785854403229329894024347494306234e-02,6.47549999999999954525264911353588104e+01
4.00000000000000019168694409543718393e-04,6.00000000000000055858095926453188440e-04,9.77376701880720804544501878942738207e-02,6.48059999999999973852027324028313160e+01
4.00000000000000019168694409543718393e-04,6.99999999999999992887633748495090913e-04,1.10724217463771579694544793550634788e-01,6.48550000000000039790393202565610409e+01
4.00000000000000019168694409543718393e-04,8.00000000000000038337388819087436787e-04,1.25842915001564991352524644226539994e-01,6.49030000000000057980287238024175167e+01
4.00000000000000019168694409543718393e-04,9.00000000000000083787143889679782660e-04,1.42978361278446059279240371993717705e-01,6.49510000000000076170181273482739925e+01
4.00000000000000019168694409543718393e-04,1.00000000000000002081668171172168513e-03,1.62211046807924830897362065135051248e-01,6.49989999999999952251528156921267509e+01
5.00000000000000010408340855860842566e-04,-1.00000000000000002081668171172168513e-03,1.30109464334894992713002320356586089e-01,6.40379999999999967030817060731351376e+01
5.00000000000000010408340855860842566e-04,-9.00000000000000083787143889679782660e-04,1.50389358121330481625408840848530121e-01,7.05370000000000061390892369672656059e+01
5.00000000000000010408340855860842566e-04,-8.00000000000000038337388819087436787e-04,1.83873500621039848344948871842276143e-01,7.05589999999999974988895701244473457e+01
5.00000000000000010408340855860842566e-04,-6.99999999999999992887633748495090913e-04,3.57438698824319788082899072686995303e-01,7.71089999999999946567186270840466022e+01
5.00000000000000010408340855860842566e-04,-6.00000000000000055858095926453188440e-04,3.08815838150468125172180367234160663e-01,7.72379999999999995452526491135358810e+01
5.00000000000000010408340855860842566e-04,-5.00000000000000010408340855860842566e-04,1.64334985053331412978954844626060575e-01,7.07840000000000060254023992456495762e+01
5.00000000000000010408340855860842566e-04,-4.00000000000000019168694409543718393e-04,1.42697939305260542642964766662039367e-01,7.08119999999999976125764078460633755e+01
5.00000000000000010408340855860842566e-04,-3.00000000000000027929047963226594220e-04,1.08306859820963227270884171036593009e-01,6.43870000000000004547473508864641190e+01
5.00000000000000010408340855860842566e-04,-2.00000000000000009584347204771859197e-04,8.71816199500267709730786870489903372e-02,6.44350000000000022737367544323205948e+01
5.00000000000000010408340855860842566e-04,-1.00000000000000004792173602385929598e-04,7.53938798397792251962619491461236544e-02,6.44839999999999946567186270840466022e+01
5.00000000000000010408340855860842566e-04,0.00000000000000000000000000000000000e+00,6.89313612122308144672157110756877123e-02,6.45330000000000012505552149377763271e+01
5.00000000000000010408340855860842566e-04,1.00000000000000004792173602385929598e-04,6.62766254742952867016702062407028022e-02,6.45820000000000078443918027915060520e+01
5.00000000000000010408340855860842566e-04,2.00000000000000009584347204771859197e-04,6.74046612136057154213945988715805659e-02,6.46299999999999954525264911353588104e+01
5.00000000000000010408340855860842566e-04,3.00000000000000027929047963226594220e-04,7.08837704869573980855332512207198364e-02,6.46749999999999971578290569595992565e+01
5.00000000000000010408340855860842566e-04,4.00000000000000019168694409543718393e-04,7.72582050912807795362275404516449571e-02,6.47199999999999988631316227838397026e+01
5.00000000000000010408340855860842566e-04,5.00000000000000010408340855860842566e-04,8.51331467954916904172791109789984560e-02,6.47639999999999957935870043002068996e+01
5.00000000000000010408340855860842566e-04,6.00000000000000055858095926453188440e-04,9.52984961702178336086104024252630242e-02,6.48140000000000071622707764618098736e+01
5.00000000000000010408340855860842566e-04,6.99999999999999992887633748495090913e-04,1.07888573173034381358883497601183360e-01,6.48629999999999995452526491135358810e+01
5.00000000000000010408340855860842566e-04,8.00000000000000038337388819087436787e-04,1.22597999139206195527273396899713151e-01,6.49110000000000013642420526593923569e+01
5.00000000000000010408340855860842566e-04,9.00000000000000083787143889679782660e-04,1.39162051087247461614106870217672062e-01,6.49600000000000079580786405131220818e+01
5.00000000000000010408340855860842566e-04,1.00000000000000002081668171172168513e-03,1.57896049573429063484824190393674332e-01,6.50079999999999955662133288569748402e+01
6.00000000000000055858095926453188440e-04,-1.00000000000000002081668171172168513e-03,1.24024864293780251316570034581182320e-01,6.40460000000000064801497501321136951e+01
6.00000000000000055858095926453188440e-04,-9.00000000000000083787143889679782660e-04,1.48652397337433897645965808877720223e-01,7.05499999999999971578290569595992565e+01
6.00000000000000055858095926453188440e-04,-8.00000000000000038337388819087436787e-04,1.72694559509518501390787344761715282e-01,7.05769999999999981810105964541435242e+01
6.00000000000000055858095926453188440e-04,-6.99999999999999992887633748495090913e-04,3.05551586220695784640117178968873878e-01,7.71520000000000010231815394945442677e+01
6.00000000000000055858095926453188440e-04,-6.00000000000000055858095926453188440e-04,3.76006290822422564825742387178057978e-01,7.72909999999999968167685437947511673e+01
6.00000000000000055858095926453188440e-04,-5.00000000000000010408340855860842566e-04,1.74453761972831807783265857233496382e-01,7.08020000000000067075234255753457546e+01
6.00000000000000055858095926453188440e-04,-4.00000000000000019168694409543718393e-04,1.45021438077471634744126438465362454e-01,7.08239999999999980673237587325274944e+01
6.00000000000000055858095926453188440e-04,-3.00000000000000027929047963226594220e-04,1.14559787852412308255337987798561489e-01,6.43949999999999960209606797434389591e+01
6.00000000000000055858095926453188440e-04,-2.00000000000000009584347204771859197e-04,9.06180186122112637135352166364915590e-02,6.44429999999999978399500832892954350e+01
6.00000000000000055858095926453188440e-04,-1.00000000000000004792173602385929598e-04,7.73417470457268057952927274666634464e-02,6.44920000000000044337866711430251598e+01
6.00000000000000055858095926453188440e-04,0.00000000000000000000000000000000000e+00,6.99247423852538077076570111377303744e-02,6.45409999999999968167685437947511673e+01
6.00000000000000055858095926453188440e-04,1.00000000000000004792173602385929598e-04,6.65268545210574262695004462653216861e-02,6.45900000000000034106051316484808922e+01
6.00000000000000055858095926453188440e-04,2.00000000000000009584347204771859197e-04,6.69503909660738074047365302768489155e-02,6.46389999999999957935870043002068996e+01
6.00000000000000055858095926453188440e-04,3.00000000000000027929047963226594220e-04,6.97608734316996397567956225105696749e-02,6.46830000000000069348971010185778141e+01
6.00000000000000055858095926453188440e-04,4.00000000000000019168694409543718393e-04,7.57917476177291360772633317727457500e-02,6.47279999999999944293449516408145428e+01
6.00000000000000055858095926453188440e-04,5.00000000000000010408340855860842566e-04,8.33526909964465985920552566272525959e-02,6.47729999999999961346475174650549889e+01
6.00000000000000055858095926453188440e-04,6.00000000000000055858095926453188440e-04,9.29417042426812863554257965255751873e-02,6.48220000000000027284841053187847137e+01
6.00000000000000055858095926453188440e-04,6.99999999999999992887633748495090913e-04,1.05136478190107715944121599173289547e-01,6.48709999999999951114659779705107212e+01
6.00000000000000055858095926453188440e-04,8.00000000000000038337388819087436787e-04,1.19361877873604366927742378781240830e-01,6.49200000000000017053025658242404461e+01
6.00000000000000055858095926453188440e-04,9.00000000000000083787143889679782660e-04,1.35508026688636591612760438123538213e-01,6.49680000000000035242919693700969219e+01
6.00000000000000055858095926453188440e-04,1.00000000000000002081668171172168513e-03,1.53822858584109215407533470965825640e-01,6.50160000000000053432813729159533978e+01
6.99999999999999992887633748495090913e-04,-1.00000000000000002081668171172168513e-03,1.18652258975496161329329891674132880e-01,6.40540000000000020463630789890885353e+01
6.99999999999999992887633748495090913e-04,-9.00000000000000083787143889679782660e-04,1.47395952002781538294939212784603211e-01,7.05630000000000023874235921539366245e+01
6.99999999999999992887633748495090913e-04,-8.00000000000000038337388819087436787e-04,1.64553642414816235699814962583677161e-01,7.05919999999999987494447850622236729e+01
6.99999999999999992887633748495090913e-04,-6.99999999999999992887633748495090913e-04,2.72306263642521859382362157788608409e-01,7.06299999999999954525264911353588104e+01
6.99999999999999992887633748495090913e-04,-6.00000000000000055858095926453188440e-04,6.39012860792736815945672352787931620e-01,2.50800000000000000710542735760100186e+00
6.99999999999999992887633748495090913e-04,-5.00000000000000010408340855860842566e-04,1.99691495315936847542269404806971927e-01,7.08089999999999974988895701244473457e+01
6.99999999999999992887633748495090913e-04,-4.00000000000000019168694409543718393e-04,1.48503982973483108885774199855921400e-01,7.08359999999999985220711096189916134e+01
6.99999999999999992887633748495090913e-04,-3.00000000000000027929047963226594220e-04,1.21747355596756281985743507821315352e-01,6.44030000000000057980287238024175167e+01
6.99999999999999992887633748495090913e-04,-2.00000000000000009584347204771859197e-04,9.44954754164875023937742623075654560e-02,6.44510000000000076170181273482739925e+01
6.99999999999999992887633748495090913e-04,-1.00000000000000004792173602385929598e-04,7.95435651515936621827597750188368179e-02,6.45000000000000000000000000000000000e+01
6.99999999999999992887633748495090913e-04,0.00000000000000000000000000000000000e+00,7.10429355575778331414020197643250379e-02,6.45480000000000018189894035458564758e+01
6.99999999999999992887633748495090913e-04,1.00000000000000004792173602385929598e-04,6.69363912163947122343170920410554222e-02,6.45979999999999989768184605054557323e+01
6.99999999999999992887633748495090913e-04,2.00000000000000009584347204771859197e-04,6.65710904188161398826033568032389300e-02,6.46470000000000055706550483591854572e+01
6.99999999999999992887633748495090913e-04,3.00000000000000027929047963226594220e-04,6.90430313334680337357580261204789573e-02,6.46920000000000072759576141834259033e+01
6.99999999999999992887633748495090913e-04,4.00000000000000019168694409543718393e-04,7.43829229983559381512877164120938183e-02,6.47369999999999947704054648056626320e+01
6.99999999999999992887633748495090913e-04,5.00000000000000010408340855860842566e-04,8.16376891488997147559155163102589008e-02,6.47819999999999964757080306299030781e+01
6.99999999999999992887633748495090913e-04,6.00000000000000055858095926453188440e-04,9.07128906585267903999159125799606466e-02,6.48299999999999982946974341757595539e+01
6.99999999999999992887633748495090913e-04,6.99999999999999992887633748495090913e-04,1.02467138601222443247096178267201371e-01,6.48790000000000048885340220294892788e+01
6.99999999999999992887633748495090913e-04,8.00000000000000038337388819087436787e-04,1.16177288169770336052112951143002697e-01,6.49279999999999972715158946812152863e+01
6.99999999999999992887633748495090913e-04,9.00000000000000083787143889679782660e-04,1.32024910988896497227967578210669454e-01,6.49759999999999990905052982270717621e+01
6.99999999999999992887633748495090913e-04,1.00000000000000002081668171172168513e-03,1.49900132739568909659916774430263418e-01,6.50240000000000009094947017729282379e+01
8.00000000000000038337388819087436787e-04,-1.00000000000000002081668171172168513e-03,1.13885234852751811041810433367962131e-01,6.40619999999999976125764078460633755e+01
8.00000000000000038337388819087436787e-04,-9.00000000000000083787143889679782660e-04,1.43346009092992357602806318852555436e-01,6.41099999999999994315658113919198513e+01
8.00000000000000038337388819087436787e-04,-8.00000000000000038337388819087436787e-04,1.58276261832749900900753184601533284e-01,7.06059999999999945430317893624305725e+01
8.00000000000000038337388819087436787e-04,-6.99999999999999992887633748495090913e-04,2.26231813765201832911420221573545349e-01,7.06350000000000051159076974727213383e+01
8.00000000000000038337388819087436787e-04,-6.00000000000000055858095926453188440e-04,6.39083120682532439888734587970318226e-01,2.51600000000000001421085471520200372e+00
8.00000000000000038337388819087436787e-04,-5.00000000000000010408340855860842566e-04,2.40818405558333773126423661687069513e-01,7.08140000000000071622707764618098736e+01
8.00000000000000038337388819087436787e-04,-4.00000000000000019168694409543718393e-04,1.52977304973796017394928387054121543e-01,7.08490000000000037516656448133289814e+01
8.00000000000000038337388819087436787e-04,-3.00000000000000027929047963226594220e-04,1.30296791521760415136328907712037232e-01,6.44110000000000013642420526593923569e+01
8.00000000000000038337388819087436787e-04,-2.00000000000000009584347204771859197e-04,9.88809120321405083921231059658042942e-02,6.44590000000000031832314562052488327e+01
8.00000000000000038337388819087436787e-04,-1.00000000000000004792173602385929598e-04,8.20264170388152314721308935931247450e-02,6.45079999999999955662133288569748402e+01
8.00000000000000038337388819087436787e-04,0.00000000000000000000000000000000000e+00,7.23333510752982686859430782538533106e-02,6.45559999999999973852027324028313160e+01
8.00000000000000038337388819087436787e-04,1.00000000000000004792173602385929598e-04,6.74911123877383702995603571670999581e-02,6.46059999999999945430317893624305725e+01
8.00000000000000038337388819087436787e-04,2.00000000000000009584347204771859197e-04,6.62587632908311328269363324508059368e-02,6.46560000000000059117155615240335464e+01
8.00000000000000038337388819087436787e-04,3.00000000000000027929047963226594220e-04,6.83922463322287983778024062653897190e-02,6.47010000000000076170181273482739925e+01
8.00000000000000038337388819087436787e-04,4.00000000000000019168694409543718393e-04,7.30444324629813125952935065694818027e-02,6.47459999999999951114659779705107212e+01
8.00000000000000038337388819087436787e-04,5.00000000000000010408340855860842566e-04,7.99887665367294823966304742543767784e-02,6.47909999999999968167685437947511673e+01
8.00000000000000038337388819087436787e-04,6.00000000000000055858095926453188440e-04,8.85968759997751529931343493980842518e-02,6.48370000000000032969182939268648624e+01
8.00000000000000038337388819087436787e-04,6.99999999999999992887633748495090913e-04,9.98798966025705918779035857455537860e-02,6.48870000000000004547473508864641190e+01
8.00000000000000038337388819087436787e-04,8.00000000000000038337388819087436787e-04,1.13195684934711519288452488081473702e-01,6.49360000000000070485839387401938438e+01
8.00000000000000038337388819087436787e-04,9.00000000000000083787143889679782660e-04,1.28632005701681289125587231290659331e-01,6.49839999999999946567186270840466022e+01
8.00000000000000038337388819087436787e-04,1.00000000000000002081668171172168513e-03,1.46074452383623472581918780368955147e-01,6.50319999999999964757080306299030781e+01
9.00000000000000083787143889679782660e-04,-1.00000000000000002081668171172168513e-03,1.09638179526924473861302712539902780e-01,6.40700000000000073896444519050419331e+01
9.00000000000000083787143889679782660e-04,-9.00000000000000083787143889679782660e-04,1.35686844352610546402539201149953442e-01,6.41179999999999949977791402488946915e+01
9.00000000000000083787143889679782660e-04,-8.00000000000000038337388819087436787e-04,1.53385987119108580764461484319645309e-01,7.06189999999999997726263245567679405e+01
9.00000000000000083787143889679782660e-04,-6.99999999999999992887633748495090913e-04,1.96447775246892988897750811313298770e-01,7.06400000000000005684341886080801487e+01
9.00000000000000083787143889679782660e-04,-6.00000000000000055858095926453188440e-04,4.58528395955222030188406146435522783e-01,7.71700000000000017053025658242404461e+01
9.00000000000000083787143889679782660e-04,-5.00000000000000010408340855860842566e-04,2.86526473584304191946340318563813407e-01,7.73110000000000070485839387401938438e+01
9.00000000000000083787143889679782660e-04,-4.00000000000000019168694409543718393e-04,1.58946097126974579331020886583459797e-01,7.08640000000000043200998334214091301e+01
9.00000000000000083787143889679782660e-04,-3.00000000000000027929047963226594220e-04,1.40116742400512706397473102057506390e-01,6.44200000000000017053025658242404461e+01
9.00000000000000083787143889679782660e-04,-2.00000000000000009584347204771859197e-04,1.03856715023012304405470688854917964e-01,6.44669999999999987494447850622236729e+01
9.00000000000000083787143889679782660e-04,-1.00000000000000004792173602385929598e-04,8.48228743389448242694739237670418356e-02,6.45160000000000053432813729159533978e+01
9.00000000000000083787143889679782660e-04,0.00000000000000000000000000000000000e+00,7.38283714461263238101132247479830209e-02,6.45640000000000071622707764618098736e+01
9.00000000000000083787143889679782660e-04,1.00000000000000004792173602385929598e-04,6.81241283959718109859113887726940165e-02,6.46129999999999995452526491135358810e+01
9.00000000000000083787143889679782660e-04,2.00000000000000009584347204771859197e-04,6.61798838385775440580643926612964847e-02,6.46629999999999967030817060731351376e+01
9.00000000000000083787143889679782660e-04,3.00000000000000027929047963226594220e-04,6.78108149604016856520249511134184989e-02,6.47100000000000079580786405131220818e+01
9.00000000000000083787143889679782660e-04,4.00000000000000019168694409543718393e-04,7.17777706910692655104632691420532233e-02,6.47549999999999954525264911353588104e+01
9.00000000000000083787143889679782660e-04,5.00000000000000010408340855860842566e-04,7.84067012043047511451929696699873250e-02,6.47999999999999971578290569595992565e+01
9.00000000000000083787143889679782660e-04,6.00000000000000055858095926453188440e-04,8.65359646390772023683258007794415804e-02,6.48449999999999988631316227838397026e+01
9.00000000000000083787143889679782660e-04,6.99999999999999992887633748495090913e-04,9.73742413653024216670500798896519846e-02,6.48949999999999960209606797434389591e+01
9.00000000000000083787143889679782660e-04,8.00000000000000038337388819087436787e-04,1.10297971205616036324731412611759460e-01,6.49440000000000026147972675971686840e+01
9.00000000000000083787143889679782660e-04,9.00000000000000083787143889679782660e-04,1.25327751438082241582401896865138737e-01,6.49920000000000044337866711430251598e+01
9.00000000000000083787143889679782660e-04,1.00000000000000002081668171172168513e-03,1.42187209779020887561133373228424436e-01,6.50409999999999968167685437947511673e+01
1.00000000000000002081668171172168513e-03,-1.00000000000000002081668171172168513e-03,1.05841405899208222820713896757060946e-01,6.40780000000000029558577807620167732e+01
1.00000000000000002081668171172168513e-03,-9.00000000000000083787143889679782660e-04,1.28994126321676439758758101839992302e-01,6.41260000000000047748471843078732491e+01
1.00000000000000002081668171172168513e-03,-8.00000000000000038337388819087436787e-04,1.49866421161804580051924228636822676e-01,7.06310000000000002273736754432320595e+01
1.00000000000000002081668171172168513e-03,-6.99999999999999992887633748495090913e-04,1.80601886488240713457811277417859520e-01,7.06550000000000011368683772161602974e+01
1.00000000000000002081668171172168513e-03,-6.00000000000000055858095926453188440e-04,3.38888332002283346170954102937119371e-01,7.72199999999999988631316227838397026e+01
1.00000000000000002081668171172168513e-03,-5.00000000000000010408340855860842566e-04,3.21759328476117383912034720706617528e-01,7.73460000000000036379788070917129517e+01
1.00000000000000002081668171172168513e-03,-4.00000000000000019168694409543718393e-04,1.66863130766342798655690937112759768e-01,7.08790000000000048885340220294892788e+01
1.00000000000000002081668171172168513e-03,-3.00000000000000027929047963226594220e-04,1.42993562944426437776282730608146070e-01,7.09069999999999964757080306299030781e+01
1.00000000000000002081668171172168513e-03,-2.00000000000000009584347204771859197e-04,1.09637677893023064052915048057986922e-01,6.44749999999999943156581139191985130e+01
1.00000000000000002081668171172168513e-03,-1.00000000000000004792173602385929598e-04,8.79722373968271461924362576256066463e-02,6.45240000000000009094947017729282379e+01
1.00000000000000002081668171172168513e-03,0.00000000000000000000000000000000000e+00,7.55462910718179307031829238587095425e-02,6.45720000000000027284841053187847137e+01
1.00000000000000002081668171172168513e-03,1.00000000000000004792173602385929598e-04,6.89016884147641244770241638602041660e-02,6.46209999999999951114659779705107212e+01
1.00000000000000002081668171172168513e-03,2.00000000000000009584347204771859197e-04,6.62162071642838394987038508592172493e-02,6.46710000000000064801497501321136951e+01
1.00000000000000002081668171172168513e-03,3.00000000000000027929047963226594220e-04,6.73012224914110732562405817489522693e-02,6.47190000000000082991391536779701710e+01
1.00000000000000002081668171172168513e-03,4.00000000000000019168694409543718393e-04,7.05845711165595239685169824725818431e-02,6.47639999999999957935870043002068996e+01
1.00000000000000002081668171172168513e-03,5.00000000000000010408340855860842566e-04,7.68839155365894736064066658258299923e-02,6.48080000000000069348971010185778141e+01
1.00000000000000002081668171172168513e-03,6.00000000000000055858095926453188440e-04,8.46879175739369068544429573108812310e-02,6.48529999999999944293449516408145428e+01
1.00000000000000002081668171172168513e-03,6.99999999999999992887633748495090913e-04,9.49498198110258962622892320586362980e-02,6.49030000000000057980287238024175167e+01
1.00000000000000002081668171172168513e-03,8.00000000000000038337388819087436787e-04,1.07483125525681770713408777216548711e-01,6.49519999999999981810105964541435242e+01
1.00000000000000002081668171172168513e-03,9.00000000000000083787143889679782660e-04,1.22002110955120046646935411743140423e-01,6.50010000000000047748471843078732491e+01
1.00000000000000002081668171172168513e-03,1.00000000000000002081668171172168513e-03,1.38483231900804207383548271495023092e-01,6.50490000000000065938365878537297249e+01
