,0,1,2,3,4,5,6,7,8
0,0.0,0.0,0.0,0.0,0.0,0.0,0.0,0.0,0.0
1,0.0,2750167168.0,3663298560.0,14850816.0,2432.0,-256.0,-256.0,-256.0,-256.0
2,0.0,-27134297728.0,13676907648.0,50900608.0,5760.0,-256.0,-512.0,-256.0,-256.0
3,0.0,-33111522560.0,24889043072.0,80113408.0,8448.0,-256.0,-256.0,256.0,-512.0
4,0.0,-3918661120.0,24531625600.0,193760384.0,28672.0,-256.0,-256.0,-256.0,-256.0
5,0.0,86988039936.0,7959336960.0,834427136.0,227840.0,-256.0,-384.0,-512.0,-256.0
6,0.0,119977202176.0,6578783488.0,2219090304.0,672384.0,-256.0,-256.0,-256.0,256.0
7,0.0,41375292544.0,6282076032.0,4195712896.0,1357184.0,-256.0,-256.0,-256.0,-384.0
8,0.0,-17212185856.0,5908530304.0,6469144832.0,2263040.0,-256.0,-256.0,-256.0,-256.0
9,0.0,-15942784256.0,5206322688.0,8601099648.0,3355776.0,256.0,-256.0,-512.0,0.0
10,0.0,5996346112.0,2318937984.0,10010128000.0,4586496.0,-256.0,-256.0,256.0,0.0
11,0.0,16981459968.0,1302888704.0,10372742016.0,5891328.0,256.0,-384.0,0.0,-256.0
12,0.0,-9765824512.0,-461468032.0,11539516928.0,7191296.0,256.0,-256.0,-384.0,256.0
13,0.0,-97939229568.0,-1684167424.0,13716985344.0,8394112.0,384.0,-384.0,-512.0,-256.0
14,0.0,-128708888192.0,-5036538496.0,16597234432.0,9391872.0,896.0,-256.0,-256.0,-256.0
15,0.0,-54521593856.0,-6945300096.0,19719093632.0,10060672.0,384.0,-256.0,-256.0,-384.0
16,0.0,39975539072.0,-11134972800.0,22468088448.0,10272256.0,640.0,256.0,-512.0,384.0
17,0.0,8877532544.0,-14011633024.0,24076394624.0,10511616.0,1152.0,-256.0,-256.0,256.0
18,0.0,-89890091136.0,-18976023424.0,24466595584.0,11120896.0,384.0,-256.0,-384.0,-384.0
19,0.0,-120334736128.0,-22878818304.0,25808444928.0,12075648.0,640.0,-256.0,-256.0,-256.0
20,0.0,-106282915712.0,-27571307264.0,28118465152.0,13334912.0,896.0,-256.0,-256.0,-256.0
21,0.0,-87504840704.0,-33508566016.0,31065213312.0,14842624.0,1536.0,-256.0,-512.0,-256.0
22,0.0,-86592011904.0,-40808234624.0,34163957504.0,16528128.0,1536.0,-256.0,-384.0,256.0
23,0.0,-123300239232.0,-38353430272.0,36776613504.0,18305408.0,1536.0,-256.0,-256.0,0.0
24,0.0,-180278962304.0,-32731441280.0,38111677824.0,20071936.0,2176.0,-256.0,-256.0,-256.0
25,0.0,-159010873216.0,-32093881600.0,46868625024.0,21710592.0,2048.0,-256.0,-512.0,-256.0
26,0.0,-68022584576.0,-31603380096.0,44083421824.0,23090432.0,2176.0,-256.0,-512.0,256.0
27,0.0,-25290925440.0,-31592806656.0,44155778176.0,24061824.0,2176.0,-640.0,-384.0,256.0
28,0.0,-100659488128.0,-32651140608.0,46039112320.0,24462592.0,2176.0,-256.0,-384.0,-256.0
29,0.0,-163043365376.0,-33314094080.0,48686506368.0,24627456.0,2432.0,-256.0,-256.0,256.0
30,0.0,-165543913600.0,-33546489856.0,51050704128.0,25159936.0,2688.0,-256.0,-384.0,-256.0
31,0.0,-143575717248.0,-33818902656.0,52084106752.0,26044544.0,2176.0,-512.0,-256.0,256.0
32,0.0,-131213260800.0,-33121772544.0,52431467136.0,27242624.0,2944.0,-256.0,-256.0,-256.0
33,0.0,-153881742720.0,-31838101504.0,53277131648.0,28701696.0,2688.0,-512.0,-256.0,256.0
34,0.0,-236224888960.0,-30688336512.0,54345160320.0,30354560.0,3328.0,-256.0,-256.0,256.0
35,0.0,-269986735488.0,-27235571840.0,55410002176.0,32117376.0,3328.0,-256.0,-256.0,256.0
36,0.0,-188951214464.0,-25578591232.0,56296636032.0,33893120.0,3328.0,-256.0,-384.0,256.0
37,0.0,-64895346048.0,-20043219072.0,56880607360.0,35566720.0,3584.0,-256.0,-256.0,-256.0
38,0.0,-68116049152.0,-16999992320.0,57088073216.0,37009280.0,3968.0,-256.0,0.0,256.0
39,0.0,-105057796096.0,-10228574720.0,56895835648.0,38076672.0,4224.0,0.0,256.0,-256.0
40,0.0,-93762928000.0,-4351445504.0,56331380224.0,38609536.0,3968.0,-512.0,-384.0,0.0
41,0.0,-89636058240.0,2356646272.0,55472917632.0,49865216.0,5120.0,-384.0,-256.0,0.0
42,0.0,-92468606976.0,12480710656.0,54449412096.0,46926080.0,5120.0,0.0,-512.0,-256.0
43,0.0,-101232645760.0,17845524224.0,53440623488.0,45187200.0,4608.0,-256.0,-384.0,-256.0
44,0.0,-135049715840.0,31320838784.0,52677137792.0,44463104.0,4224.0,-512.0,-640.0,256.0
45,0.0,-136115934080.0,36109690112.0,52418811264.0,44565248.0,4608.0,-256.0,-512.0,-256.0
46,0.0,-96306615424.0,50397630464.0,51875514368.0,45307776.0,4864.0,-384.0,-384.0,0.0
47,0.0,-43765799296.0,56474222464.0,50529401984.0,46503040.0,4864.0,-256.0,-384.0,-256.0
48,0.0,-108932900096.0,69005896960.0,48422608128.0,47964032.0,5120.0,-512.0,-512.0,-384.0
49,0.0,-203468940544.0,77526675072.0,45623148160.0,49503232.0,5376.0,-256.0,-384.0,256.0
50,0.0,-181302717056.0,86542581504.0,42224969344.0,50935424.0,5376.0,256.0,-256.0,256.0
51,0.0,-139152128640.0,97157298176.0,38347999616.0,52071680.0,5760.0,-256.0,-512.0,256.0
52,0.0,-131094688384.0,102190142080.0,34138192512.0,52725760.0,5376.0,-384.0,-512.0,0.0
53,0.0,-144717840512.0,112361870976.0,29767575552.0,53239424.0,5760.0,-512.0,-256.0,0.0
54,0.0,-163669529984.0,114734436224.0,25434292864.0,56516608.0,5760.0,-256.0,-256.0,-256.0
55,0.0,-177276896000.0,121058349184.0,21362648704.0,62957184.0,6400.0,-256.0,0.0,256.0
56,0.0,-146985327872.0,122662551168.0,17803152256.0,72476032.0,7296.0,-256.0,-384.0,0.0
57,0.0,-15623785856.0,124023335168.0,15032555008.0,84987392.0,8448.0,256.0,-512.0,-256.0
58,0.0,10199825920.0,124542676608.0,13353891712.0,100407424.0,10496.0,-256.0,-512.0,0.0
59,0.0,-41629736960.0,121906434688.0,13001979904.0,118653696.0,12032.0,256.0,-384.0,0.0
60,0.0,-55096830592.0,119530779904.0,12988542208.0,139643392.0,14208.0,-256.0,-384.0,-256.0
61,0.0,-32585178112.0,115016902656.0,12959106944.0,163295104.0,16640.0,256.0,-384.0,0.0
62,0.0,-17647076352.0,107854130944.0,12913740928.0,189527296.0,19584.0,-512.0,-512.0,384.0
63,0.0,-19263974016.0,103569749504.0,12853131264.0,218261632.0,22016.0,-256.0,-256.0,256.0
64,0.0,-33982092288.0,92273764608.0,12778641280.0,249417856.0,25088.0,-256.0,-256.0,-256.0
65,0.0,-61735996032.0,88070020608.0,12692366976.0,282918400.0,28160.0,0.0,-512.0,0.0
66,0.0,-68910552320.0,75268050688.0,12597187072.0,318684800.0,32256.0,-256.0,-256.0,-256.0
67,0.0,-26663044736.0,69569377792.0,12496818432.0,356642048.0,35712.0,256.0,-512.0,-256.0
68,0.0,22985175552.0,57953768192.0,12395866752.0,396712832.0,39808.0,-256.0,-384.0,256.0
69,0.0,-24527066880.0,49645305216.0,12299874688.0,438823040.0,43904.0,-256.0,-256.0,0.0
70,0.0,-127788061696.0,40937189888.0,12215370240.0,482898432.0,48384.0,-384.0,-256.0,0.0
71,0.0,-112323063680.0,30124821504.0,12149913472.0,528864768.0,53120.0,-256.0,-512.0,256.0
72,0.0,-69535426688.0,24789199744.0,12112142464.0,576650752.0,57728.0,-384.0,-512.0,-256.0
73,0.0,-58560728576.0,13489828608.0,12103319936.0,626185088.0,62592.0,-256.0,-256.0,0.0
74,0.0,-69877681792.0,10212545536.0,12079263872.0,677394560.0,67712.0,-256.0,-256.0,-256.0
75,0.0,-88898416128.0,1064639232.0,12031534208.0,730211200.0,73216.0,-512.0,-512.0,256.0
76,0.0,-103941940224.0,-2051545472.0,11960320512.0,784565120.0,78592.0,256.0,-256.0,0.0
77,0.0,-81909365120.0,-8072720000.0,11866737408.0,840387328.0,84352.0,-384.0,-384.0,-256.0
78,0.0,36666279808.0,-11423852416.0,11752918016.0,897611776.0,90112.0,256.0,-512.0,256.0
79,0.0,83826973184.0,-14588149376.0,11622098176.0,956169984.0,95872.0,-256.0,-256.0,256.0
80,0.0,29799449344.0,-17649147648.0,11478706688.0,1015996416.0,101888.0,-256.0,-384.0,-256.0
81,0.0,7473836672.0,-18838875520.0,11328450816.0,1077027072.0,108160.0,-384.0,0.0,256.0
82,0.0,30090354176.0,-20813229952.0,11178400256.0,1139196032.0,114176.0,-256.0,-512.0,256.0
83,0.0,43027030656.0,-21026520576.0,11037075072.0,1202441088.0,120960.0,-256.0,-640.0,0.0
84,0.0,41374049792.0,-21427481600.0,10914523008.0,1266698752.0,126848.0,-256.0,0.0,-256.0
85,0.0,31223435776.0,-21357494272.0,10822405888.0,1331907072.0,133504.0,-256.0,-384.0,256.0
86,0.0,9849743872.0,-20544610560.0,10774079360.0,1398004992.0,140160.0,256.0,-384.0,-256.0
87,0.0,-6077771136.0,-20127712768.0,11114732288.0,1464933248.0,147200.0,256.0,-512.0,256.0
88,0.0,34394556544.0,-18762071552.0,10959048064.0,1532631296.0,153600.0,384.0,-512.0,-256.0
89,0.0,91654661376.0,-17725099776.0,10803887616.0,1601041280.0,160256.0,256.0,-512.0,-256.0
90,0.0,52202131328.0,-16379218688.0,10641804544.0,1670104704.0,167424.0,256.0,-256.0,-384.0
91,0.0,-62746873600.0,-14581888896.0,10468026624.0,1739765248.0,174464.0,256.0,-512.0,256.0
92,0.0,-59865900032.0,-13593265920.0,10280445568.0,1809966336.0,181376.0,256.0,-512.0,0.0
93,0.0,-7942154624.0,-11325179520.0,10079609088.0,1880653184.0,188544.0,256.0,-512.0,-256.0
94,0.0,5895718528.0,-10589536640.0,9868717824.0,1951770752.0,195840.0,256.0,-256.0,256.0
95,0.0,-4090734592.0,-8382495488.0,9653619072.0,2023265536.0,203008.0,-256.0,-256.0,-256.0
96,0.0,-21706241024.0,-7244487936.0,9442816768.0,2095084160.0,210304.0,-256.0,-256.0,-256.0
97,0.0,-38453507456.0,-3159185792.0,9247471488.0,2167176192.0,216960.0,0.0,-256.0,384.0
98,0.0,-19956797184.0,711109888.0,9081412352.0,2239488640.0,224256.0,256.0,-256.0,256.0
99,0.0,84879924608.0,2086822528.0,8961148672.0,2311971456.0,232064.0,-256.0,-512.0,-256.0
100,0.0,151522419712.0,5559316736.0,8905888000.0,2384576128.0,238976.0,-384.0,-384.0,0.0
101,0.0,98693541120.0,6742430592.0,8886133632.0,2457251968.0,246528.0,0.0,-512.0,-256.0
102,0.0,72516341760.0,9003856512.0,8820198400.0,2529952640.0,253312.0,-256.0,-256.0,256.0
103,0.0,93218664576.0,11373851648.0,8706171392.0,2602630528.0,260736.0,-256.0,-640.0,256.0
104,0.0,108042592640.0,12115608576.0,8544734720.0,2675239168.0,268032.0,256.0,-512.0,256.0
105,0.0,107579407616.0,14084923392.0,8337513088.0,2747733376.0,275072.0,256.0,-384.0,256.0
106,0.0,97721139840.0,14756254720.0,8087109888.0,2820067968.0,282496.0,0.0,-256.0,-256.0
107,0.0,76677807872.0,15537120256.0,7797143424.0,2892199808.0,289792.0,256.0,-384.0,384.0
108,0.0,57958348288.0,16395045760.0,7472289920.0,2964084992.0,296832.0,-256.0,-512.0,256.0
109,0.0,92232595328.0,16449439872.0,7118345088.0,3035681280.0,304384.0,-256.0,-256.0,-256.0
110,0.0,155160285952.0,16544722432.0,6742277376.0,3106948096.0,311296.0,256.0,-512.0,256.0
111,0.0,123241085824.0,16509952256.0,6352304896.0,3177844224.0,318464.0,384.0,-384.0,256.0
112,0.0,12800593920.0,15923193856.0,5957970944.0,3248330112.0,325504.0,384.0,-256.0,0.0
113,0.0,9099628800.0,15131884800.0,5570228224.0,3318366720.0,333056.0,384.0,-512.0,256.0
114,0.0,23164489216.0,14011451392.0,5201537920.0,3387916160.0,339456.0,256.0,-256.0,256.0
115,0.0,38986676352.0,10084676224.0,4865970688.0,3456940032.0,346112.0,256.0,-512.0,-256.0
116,0.0,34635378560.0,6526401408.0,4579317120.0,3525403136.0,353024.0,256.0,-256.0,-256.0
117,0.0,11843401856.0,4533988736.0,4359211648.0,3593268992.0,360192.0,384.0,-256.0,256.0
118,0.0,-11206965504.0,-1817718912.0,4225257472.0,3660503424.0,366976.0,384.0,-256.0,256.0
119,0.0,3388697088.0,-6935379072.0,4191850880.0,3727071488.0,373504.0,384.0,-256.0,-256.0
120,0.0,55626302720.0,-10202001280.0,4176262400.0,3792940800.0,380160.0,256.0,-256.0,-256.0
121,0.0,83651111552.0,-19581230976.0,4147331584.0,3858078464.0,386304.0,384.0,-512.0,-256.0
122,0.0,13709096320.0,-26246561920.0,4103069056.0,3922452608.0,393216.0,256.0,-256.0,-256.0
123,0.0,-48690226560.0,-30801142144.0,4041710976.0,3986032640.0,399488.0,256.0,-512.0,-256.0
124,0.0,-16335556224.0,-42764840192.0,3961820928.0,4048789504.0,405632.0,256.0,-512.0,-256.0
125,0.0,11550262144.0,-50301113216.0,3862403968.0,4110692736.0,411904.0,384.0,-256.0,0.0
126,0.0,14144295680.0,-56046408832.0,3743026816.0,4171714048.0,418304.0,896.0,-384.0,256.0
127,0.0,-2556369280.0,-69948501888.0,3603951744.0,4231826432.0,423936.0,384.0,0.0,-256.0
128,0.0,-23622505344.0,-77687634304.0,3446281472.0,4291004032.0,430080.0,384.0,-512.0,256.0
129,0.0,-35049842432.0,-84063168896.0,3272107264.0,4349218816.0,435712.0,384.0,-640.0,0.0
130,0.0,14251774592.0,-98373615232.0,3084676736.0,4406447232.0,441472.0,256.0,-512.0,0.0
131,0.0,164712039552.0,-105366277504.0,2888565888.0,4462664704.0,446976.0,256.0,-256.0,-384.0
132,0.0,154159958528.0,-111165601280.0,2689867008.0,4517847680.0,453248.0,384.0,-256.0,256.0
133,0.0,98572834816.0,-123321518720.0,2496378624.0,4571973504.0,458112.0,384.0,-512.0,256.0
134,0.0,94216060288.0,-128410784768.0,2317817088.0,4625020160.0,463232.0,896.0,-384.0,-256.0
135,0.0,119553661824.0,-131557072512.0,2166034432.0,4676967424.0,468352.0,384.0,-256.0,-256.0
136,0.0,127916799616.0,-137841584512.0,2055243136.0,4727794176.0,473600.0,896.0,-256.0,-256.0
137,0.0,123338513664.0,-139488909696.0,2002260352.0,4777481728.0,478720.0,384.0,-512.0,256.0
138,0.0,112122215296.0,-134285559168.0,1985791744.0,4826011392.0,483328.0,640.0,-256.0,0.0
139,0.0,85132392704.0,-129730384512.0,1932176896.0,4873364608.0,488448.0,896.0,-512.0,-384.0
140,0.0,90965447680.0,-129144224256.0,1836364416.0,4919525888.0,492928.0,640.0,-256.0,256.0
141,0.0,136278437888.0,-127851947392.0,1696146304.0,4964477952.0,497152.0,640.0,-256.0,-256.0
142,0.0,180203238272.0,-125274456192.0,1510219520.0,5008206080.0,501760.0,896.0,-384.0,256.0
143,0.0,101321466496.0,-116725210240.0,1278339840.0,5050695168.0,505984.0,384.0,-256.0,-256.0
144,0.0,12796500736.0,-113261914624.0,1001491072.0,5091931776.0,509824.0,384.0,-384.0,0.0
145,0.0,41976194944.0,-104394493312.0,682055296.0,5131904000.0,514304.0,896.0,-256.0,256.0
146,0.0,85208724992.0,-98328526208.0,323997696.0,5170598656.0,518272.0,384.0,-256.0,-256.0
147,0.0,90462227968.0,-89407393920.0,-66942464.0,5208004480.0,521856.0,384.0,-256.0,256.0
148,0.0,75926181504.0,-77715129600.0,-483052160.0,5244112256.0,525568.0,896.0,-512.0,256.0
149,0.0,58263304832.0,-71068238720.0,-914431232.0,5278910848.0,529152.0,896.0,-256.0,-512.0
150,0.0,45693349760.0,-54958815360.0,-1348776704.0,5312392064.0,532480.0,384.0,-384.0,0.0
151,0.0,88086576256.0,-49451387264.0,-1771152256.0,5344548608.0,535552.0,640.0,-384.0,-256.0
152,0.0,212427455872.0,-33074380288.0,-2163749248.0,5375373056.0,538496.0,1152.0,-256.0,256.0
153,0.0,221566968960.0,-25296953728.0,-2505642240.0,5404857728.0,541568.0,896.0,-256.0,-256.0
154,0.0,172722413696.0,-12152529280.0,-2772526208.0,5432998656.0,544640.0,896.0,-512.0,256.0
155,0.0,162819189248.0,-438596352.0,-2936454272.0,5459790592.0,547328.0,1152.0,-512.0,0.0
156,0.0,186066545536.0,7653870592.0,-2974769664.0,5485230208.0,549760.0,896.0,-256.0,0.0
157,0.0,195725398272.0,21643215616.0,-3014290304.0,5509312512.0,552704.0,896.0,-512.0,256.0
158,0.0,192042597632.0,25487499648.0,-3108803200.0,5532037504.0,554240.0,640.0,-256.0,256.0
159,0.0,181447358208.0,36313214848.0,-3261464064.0,5553402368.0,556032.0,896.0,-256.0,-256.0
160,0.0,154059656832.0,39536240256.0,-3474331392.0,5573406848.0,557952.0,896.0,-512.0,256.0
161,0.0,156005386112.0,44499460608.0,-3748174464.0,5592051072.0,560384.0,896.0,-256.0,-256.0
162,0.0,195702494464.0,47412920064.0,-4082273920.0,5609336320.0,562048.0,384.0,-512.0,-256.0
163,0.0,249511464192.0,47211479168.0,-4474206464.0,5625263104.0,563712.0,896.0,-896.0,0.0
164,0.0,176562674304.0,47055662080.0,-4919627648.0,5639835648.0,565120.0,896.0,-512.0,256.0
165,0.0,82415184896.0,44373251968.0,-5412036096.0,5653056640.0,566656.0,384.0,-512.0,0.0
166,0.0,104111033088.0,38411125632.0,-5942528640.0,5664929664.0,567808.0,896.0,-512.0,256.0
167,0.0,150316041600.0,35374663040.0,-6499548032.0,5675460608.0,568832.0,896.0,-256.0,-256.0
168,0.0,158049032320.0,24855149440.0,-7068616320.0,5684654976.0,569728.0,896.0,-512.0,384.0
169,0.0,144300067200.0,20001728512.0,-7632055424.0,5692519808.0,570496.0,1152.0,-256.0,256.0
170,0.0,126375345280.0,8438696448.0,-8168704128.0,5699061504.0,571264.0,1152.0,-512.0,256.0
171,0.0,112960739712.0,-867670400.0,-8653610368.0,5704289664.0,571520.0,384.0,-640.0,-256.0
172,0.0,144976308096.0,-10213292160.0,-9057728512.0,5708212608.0,572160.0,1152.0,-384.0,-256.0
173,0.0,274651702912.0,-24909717760.0,-9347589760.0,5710839808.0,572672.0,1152.0,-512.0,-256.0
174,0.0,292053721472.0,-30661403904.0,-9484971008.0,5712182912.0,572416.0,384.0,-896.0,-256.0
175,0.0,240370882816.0,-46632508800.0,-9511065472.0,5712201856.0,572160.0,1152.0,-640.0,-256.0
176,0.0,227698924800.0,-51911554688.0,-9594695296.0,5710508544.0,572160.0,896.0,-256.0,256.0
177,0.0,250648952960.0,-65085542272.0,-9746709376.0,5707021568.0,572032.0,384.0,-256.0,-256.0
178,0.0,261417818240.0,-72378473600.0,-9970266624.0,5701741312.0,571264.0,896.0,-512.0,-384.0
179,0.0,258219536896.0,-81026839296.0,-10267089664.0,5694670464.0,570496.0,896.0,-384.0,-256.0
180,0.0,248719723008.0,-90326750720.0,-10637231360.0,5685811840.0,569600.0,896.0,-640.0,256.0
181,0.0,223956647424.0,-94743861120.0,-11078823808.0,5675168768.0,568704.0,384.0,-512.0,-256.0
182,0.0,216694817920.0,-103706812416.0,-11587820672.0,5662746112.0,567808.0,1152.0,-640.0,256.0
183,0.0,255965239680.0,-105955409152.0,-12157716352.0,5648548096.0,566016.0,384.0,-384.0,-256.0
184,0.0,314281835904.0,-111956653440.0,-12779265152.0,5632580864.0,564608.0,896.0,-512.0,256.0
185,0.0,259899013888.0,-114178020864.0,-13440176256.0,5614851456.0,562944.0,640.0,-256.0,0.0
186,0.0,150436378240.0,-117037500928.0,-14124802048.0,5595365760.0,560896.0,896.0,-512.0,-256.0
187,0.0,166730102656.0,-119127717248.0,-14813810560.0,5574132992.0,558720.0,1152.0,-640.0,-256.0
188,0.0,212217791360.0,-119873119232.0,-15483843456.0,5551160704.0,556672.0,896.0,-512.0,-256.0
189,0.0,224026550656.0,-120921382016.0,-16107163648.0,5526458880.0,553600.0,1152.0,-512.0,256.0
190,0.0,212513840256.0,-120770555264.0,-16651287424.0,5500037120.0,551552.0,1152.0,-512.0,256.0
191,0.0,193480708352.0,-120237163392.0,-17078599808.0,5471906432.0,548480.0,896.0,-384.0,256.0
192,0.0,178659352704.0,-119894745344.0,-17345960960.0,5442079232.0,545536.0,896.0,-512.0,256.0
193,0.0,201597251968.0,-118333293696.0,-17974564864.0,5410566016.0,542208.0,1152.0,-512.0,0.0
194,0.0,321297044352.0,-117517564160.0,-17873149952.0,5377381376.0,538880.0,640.0,-512.0,256.0
195,0.0,366542658688.0,-115770745984.0,-17890270080.0,5342538240.0,535552.0,384.0,-256.0,-256.0
196,0.0,312977025152.0,-114059847808.0,-18021945216.0,5306050688.0,531968.0,896.0,-512.0,256.0
197,0.0,292097979776.0,-112723813888.0,-18264062976.0,5267934336.0,528512.0,896.0,-256.0,-256.0
198,0.0,314667288704.0,-110172975872.0,-18611936000.0,5228204928.0,524416.0,1152.0,-512.0,0.0
199,0.0,326995144704.0,-109322888320.0,-19059857920.0,5186879360.0,520192.0,896.0,-256.0,0.0
200,0.0,325074188672.0,-106718978048.0,-19600652416.0,5143975296.0,516224.0,896.0,-512.0,256.0
201,0.0,315051059712.0,-105762030848.0,-20225219968.0,5099508864.0,511616.0,1152.0,-384.0,256.0
202,0.0,293269922176.0,-103674866688.0,-20922076416.0,5053500672.0,507136.0,640.0,-512.0,256.0
203,0.0,278153735168.0,-102284679168.0,-21676892800.0,5005969664.0,502528.0,1152.0,-512.0,0.0
204,0.0,319267791104.0,-100925451392.0,-22472023680.0,4956935936.0,497408.0,896.0,-512.0,256.0
205,0.0,376025081984.0,-99134625408.0,-23286034816.0,4906420608.0,492672.0,896.0,0.0,0.0
206,0.0,335390116736.0,-98444314112.0,-24093224064.0,4854445568.0,487552.0,1152.0,-512.0,-256.0
207,0.0,219362465920.0,-96753030016.0,-24863138048.0,4801032448.0,482304.0,896.0,-640.0,-256.0
208,0.0,228193203456.0,-95732040576.0,-25560082432.0,4746204288.0,476928.0,896.0,-640.0,256.0
209,0.0,244167968256.0,-91727784192.0,-26142626560.0,4689986432.0,471168.0,1152.0,-512.0,-256.0
210,0.0,257318643456.0,-87941256960.0,-26563105408.0,4632401792.0,465664.0,896.0,-512.0,0.0
211,0.0,251779712000.0,-87233191680.0,-26767111168.0,4573476224.0,459904.0,1152.0,-512.0,256.0
212,0.0,227912785536.0,-85159081600.0,-26802277504.0,4513235840.0,454144.0,896.0,-256.0,0.0
213,0.0,206590538240.0,-84032624256.0,-26910147200.0,4451707264.0,447616.0,1280.0,-512.0,-256.0
214,0.0,226347978368.0,-83575908480.0,-27106211328.0,4388917248.0,441472.0,1152.0,-384.0,-256.0
215,0.0,278841586304.0,-82761323392.0,-27392727808.0,4324895360.0,435200.0,1280.0,-512.0,0.0
216,0.0,298095847296.0,-82633980544.0,-27770652544.0,4259669248.0,428544.0,1152.0,-512.0,256.0
217,0.0,220267239552.0,-83248374400.0,-28239498112.0,4193269760.0,422144.0,1152.0,-256.0,0.0
218,0.0,170170293888.0,-84200552704.0,-28797200000.0,4125725824.0,415488.0,1152.0,-640.0,256.0
219,0.0,204138411520.0,-84762062976.0,-29439978112.0,4057069184.0,408832.0,896.0,-512.0,256.0
220,0.0,231415055104.0,-87028395904.0,-30162208128.0,3987331328.0,401408.0,1536.0,-256.0,-256.0
221,0.0,231667646592.0,-89082091392.0,-30956289152.0,3916545152.0,394752.0,1152.0,-256.0,256.0
222,0.0,213823019520.0,-90619066112.0,-31812516864.0,3844743808.0,387968.0,1280.0,-512.0,384.0
223,0.0,193946459392.0,-94914417920.0,-32718955392.0,3771961216.0,380160.0,1152.0,-384.0,256.0
224,0.0,184575726208.0,-97161167488.0,-33661316480.0,3698231936.0,372992.0,1152.0,-384.0,256.0
225,0.0,250508021632.0,-100465192064.0,-34622832256.0,3623591680.0,365952.0,1536.0,-256.0,256.0
226,0.0,402161093120.0,-106679243264.0,-35584139648.0,3548075776.0,358656.0,1152.0,-512.0,-256.0
227,0.0,367893802752.0,-108746292224.0,-36523155200.0,3471721856.0,350848.0,1536.0,-512.0,256.0
228,0.0,312465230976.0,-114320714240.0,-37414959360.0,3394566656.0,342784.0,1280.0,-640.0,0.0
229,0.0,314141513728.0,-121475369600.0,-38231679232.0,3316649856.0,335232.0,1152.0,-512.0,256.0
230,0.0,338902047360.0,-123736107264.0,-38942371072.0,3238009600.0,327552.0,1792.0,-256.0,0.0
231,0.0,346104422656.0,-131584771456.0,-39512904576.0,3158685312.0,319488.0,1536.0,-256.0,256.0
232,0.0,339933898624.0,-137693138944.0,-39905849728.0,3078717952.0,311808.0,1536.0,-512.0,-256.0
233,0.0,329836123520.0,-141375135104.0,-40080359808.0,2998148224.0,304256.0,1536.0,-384.0,256.0
234,0.0,301802993920.0,-150619160192.0,-40071043968.0,2917018240.0,295936.0,1536.0,-384.0,-256.0
235,0.0,309856821120.0,-154712520448.0,-40002678400.0,2835371264.0,287488.0,1536.0,-384.0,256.0
236,0.0,359475579136.0,-159739523200.0,-39874645504.0,2753249408.0,279552.0,1280.0,-384.0,-256.0
237,0.0,396391534720.0,-168408418048.0,-39683887488.0,2670697600.0,271360.0,2048.0,-512.0,-256.0
238,0.0,310134712192.0,-170530730368.0,-39428202240.0,2587760640.0,263168.0,1280.0,-256.0,256.0
239,0.0,228860500992.0,-175236003456.0,-39106381312.0,2504483712.0,254848.0,1536.0,-640.0,256.0
240,0.0,268827140736.0,-180714210432.0,-38718350080.0,2420912768.0,246912.0,2048.0,-640.0,-256.0
241,0.0,304532462592.0,-181114795776.0,-38265315584.0,2337095808.0,238464.0,1536.0,-512.0,-256.0
242,0.0,308283728512.0,-182438264960.0,-37749922304.0,2253078656.0,230272.0,1152.0,-384.0,-256.0
243,0.0,292968217856.0,-183291877120.0,-37176405632.0,2168912000.0,222080.0,1536.0,-512.0,-256.0
244,0.0,273848367744.0,-180912586112.0,-36550760192.0,2084643840.0,213376.0,1536.0,-256.0,0.0
245,0.0,263908722816.0,-177311249664.0,-35880906112.0,2000323712.0,205184.0,1536.0,-384.0,256.0
246,0.0,309936659840.0,-175991644672.0,-35176862592.0,1916002304.0,196992.0,2048.0,-512.0,-256.0
247,0.0,442092343808.0,-172534993792.0,-34450926848.0,1831730944.0,188288.0,1536.0,-256.0,-384.0
248,0.0,437070329216.0,-170456426752.0,-33717858048.0,1747561856.0,179840.0,1536.0,-256.0,256.0
249,0.0,386864017664.0,-162988039040.0,-32995060864.0,1663547520.0,172032.0,1536.0,-512.0,256.0
250,0.0,384137129600.0,-159446131712.0,-32302783104.0,1579741440.0,163456.0,1792.0,-256.0,256.0
251,0.0,407149050240.0,-151310642048.0,-31664305792.0,1496198528.0,155008.0,2048.0,-512.0,384.0
252,0.0,414205705728.0,-145274625408.0,-31106146432.0,1412972800.0,147200.0,2048.0,-256.0,-256.0
253,0.0,409391811840.0,-137196286720.0,-30658262528.0,1330119552.0,138752.0,1792.0,-640.0,256.0
254,0.0,398701632640.0,-126895847296.0,-30354256896.0,1247696128.0,130560.0,1792.0,-640.0,-256.0
255,0.0,371328827520.0,-120453093376.0,-30231590400.0,1165758848.0,122368.0,2048.0,-512.0,256.0
256,0.0,375611163776.0,-106442404736.0,-30226812800.0,1084365696.0,114304.0,1536.0,-512.0,-256.0
257,0.0,424292912128.0,-101484896128.0,-30210646656.0,1003574528.0,106368.0,2048.0,-512.0,256.0
258,0.0,466836524288.0,-86729046912.0,-30181806208.0,923446272.0,98816.0,2048.0,-384.0,384.0
259,0.0,387722012032.0,-81170621056.0,-30140088576.0,844038784.0,90624.0,2176.0,-896.0,0.0
260,0.0,295824140544.0,-68455236096.0,-30085488000.0,765414144.0,83072.0,2048.0,-640.0,256.0
261,0.0,327336119040.0,-61037929856.0,-30018213504.0,687633664.0,75008.0,1536.0,-512.0,256.0
262,0.0,370343425920.0,-52193015296.0,-29938700032.0,610758144.0,67712.0,2048.0,-896.0,256.0
263,0.0,375696430208.0,-43295258752.0,-29847626752.0,534851968.0,59904.0,2176.0,-384.0,0.0
264,0.0,361340729984.0,-38656840704.0,-29745925888.0,459977600.0,52608.0,2048.0,-512.0,-256.0
265,0.0,343570475648.0,-30503423360.0,-29634796672.0,386199552.0,45312.0,2048.0,-640.0,-256.0
266,0.0,331314508288.0,-28903614080.0,-29515716480.0,313583360.0,38144.0,2176.0,-512.0,256.0
267,0.0,374081292160.0,-24752280576.0,-29390449536.0,242194304.0,30848.0,2048.0,-512.0,-256.0
268,0.0,497683960448.0,-24220223104.0,-29261053312.0,172098304.0,24192.0,2176.0,-512.0,256.0
269,0.0,505804997504.0,-25025280128.0,-29129888896.0,103362816.0,17280.0,2176.0,-512.0,-256.0
270,0.0,456354759040.0,-25723314944.0,-28999623424.0,36055808.0,10880.0,2176.0,-512.0,-256.0
271,0.0,446821292160.0,-30271128832.0,-28873233408.0,-29753600.0,4224.0,2048.0,-512.0,384.0
272,0.0,470261095424.0,-33876704512.0,-28754007680.0,-93997312.0,-2048.0,2176.0,-512.0,-256.0
273,0.0,479718908416.0,-39883187712.0,-28645544960.0,-156604672.0,-8320.0,1792.0,-512.0,-256.0
274,0.0,475974011520.0,-48158831360.0,-28551753856.0,-217504896.0,-14336.0,2176.0,0.0,256.0
275,0.0,465224810624.0,-53419837184.0,-28476846720.0,-276626688.0,-20480.0,2048.0,-512.0,256.0
276,0.0,437685463936.0,-65751340032.0,-28425331584.0,-333897600.0,-25728.0,2048.0,-256.0,0.0
277,0.0,440343752576.0,-70211858304.0,-28402005248.0,-389245824.0,-31360.0,2176.0,-256.0,256.0
278,0.0,480781892352.0,-83722502912.0,-28396420096.0,-442596480.0,-36352.0,2176.0,-384.0,256.0
279,0.0,533490209280.0,-89126957440.0,-28394961024.0,-493876224.0,-41472.0,2176.0,-640.0,256.0
280,0.0,458533744512.0,-101093467008.0,-28398133120.0,-543009408.0,-46720.0,2176.0,-384.0,256.0
281,0.0,365699469184.0,-108617094144.0,-28406394880.0,-589920384.0,-51328.0,2176.0,-512.0,256.0
282,0.0,388118761088.0,-117434131840.0,-28420141184.0,-634532864.0,-56064.0,1792.0,-256.0,-256.0
283,0.0,434666907520.0,-126999233792.0,-28439691136.0,-676769408.0,-59904.0,2176.0,-896.0,256.0
284,0.0,441883035904.0,-132355534592.0,-28465266432.0,-716552448.0,-63616.0,2048.0,-512.0,256.0
285,0.0,427882813824.0,-142414068864.0,-28496974464.0,-753803648.0,-67456.0,2048.0,-256.0,0.0
286,0.0,410225709568.0,-145342864640.0,-28534787712.0,-788443008.0,-70656.0,2176.0,-512.0,384.0
287,0.0,396856293632.0,-153389304704.0,-28578521344.0,-820390784.0,-74112.0,2048.0,-512.0,256.0
288,0.0,430462765440.0,-155848462080.0,-28627809024.0,-849566080.0,-76928.0,2048.0,-512.0,256.0
289,0.0,560062691840.0,-160969090560.0,-28682078720.0,-875887744.0,-79488.0,2048.0,-512.0,256.0
290,0.0,574790148864.0,-163478207232.0,-28740524032.0,-899273472.0,-81664.0,2176.0,-512.0,256.0
291,0.0,523716494336.0,-165985345152.0,-28802075776.0,-919639680.0,-83840.0,2176.0,-384.0,-256.0
292,0.0,511804016000.0,-168131076352.0,-28865371520.0,-936903936.0,-85760.0,2176.0,-512.0,-256.0
293,0.0,534780267648.0,-168896778752.0,-28928722176.0,-950981376.0,-86784.0,2048.0,-512.0,-256.0
294,0.0,545481934720.0,-170025393152.0,-28990077312.0,-961786368.0,-88064.0,2048.0,-512.0,256.0
295,0.0,542140456960.0,-169968521984.0,-29046989184.0,-969234432.0,-88832.0,2176.0,-256.0,256.0
296,0.0,532588319872.0,-169721662336.0,-29096573440.0,-973237632.0,-89088.0,2048.0,-512.0,-256.0
297,0.0,507272022784.0,-169440907008.0,-29135466112.0,-973957376.0,-89088.0,2176.0,-896.0,256.0
298,0.0,501452887168.0,-168186620160.0,-29159783040.0,-973997440.0,-89344.0,2176.0,-512.0,256.0
299,0.0,540393238656.0,-167615822208.0,-29165140224.0,-974078976.0,-89088.0,2176.0,-512.0,0.0
300,0.0,598839047296.0,-165978911360.0,-29159271552.0,-974201216.0,-88832.0,2688.0,-256.0,256.0
301,0.0,541274617984.0,-164862245632.0,-29149897088.0,-974365312.0,-89088.0,2688.0,-896.0,256.0
302,0.0,435328523264.0,-163360909824.0,-29136808832.0,-974570240.0,-89088.0,2176.0,-256.0,0.0
303,0.0,448557897984.0,-161575327616.0,-29119838208.0,-974816256.0,-88832.0,2176.0,-640.0,256.0
304,0.0,467619455872.0,-160496377088.0,-29098865024.0,-975104000.0,-88832.0,2176.0,-512.0,256.0
305,0.0,475359225088.0,-158265508992.0,-29073823360.0,-975432704.0,-89344.0,2688.0,-512.0,256.0
306,0.0,469350894592.0,-156861204096.0,-29044716160.0,-975803648.0,-89088.0,2688.0,-512.0,-256.0
307,0.0,444687831168.0,-152075320320.0,-29011620352.0,-976215680.0,-89088.0,2688.0,-896.0,256.0
308,0.0,424019786624.0,-149682722048.0,-28974703360.0,-976668544.0,-89088.0,2176.0,-512.0,-256.0
309,0.0,456937317760.0,-147412893056.0,-28934227328.0,-977163520.0,-88832.0,2432.0,-896.0,256.0
310,0.0,500262529152.0,-144010593536.0,-28890569088.0,-977699328.0,-89088.0,2432.0,-512.0,256.0
311,0.0,514653294208.0,-143066827264.0,-28844227200.0,-978277376.0,-88832.0,2176.0,-896.0,256.0
312,0.0,426509658752.0,-140060885504.0,-28795838720.0,-978895360.0,-88832.0,2688.0,-512.0,256.0
313,0.0,390219379712.0,-138556546304.0,-28746193920.0,-979554688.0,-89088.0,2176.0,-640.0,256.0
314,0.0,426962391040.0,-137086859136.0,-28696246912.0,-980254720.0,-88832.0,2432.0,-384.0,-256.0
315,0.0,450041427200.0,-134943151232.0,-28647138176.0,-980996224.0,-88832.0,2688.0,-512.0,-256.0
316,0.0,449550145536.0,-134484865536.0,-28600204544.0,-981778048.0,-88832.0,2688.0,-512.0,256.0
317,0.0,430856605568.0,-133137998336.0,-28557002624.0,-982600320.0,-89088.0,2688.0,-512.0,256.0
318,0.0,409791932672.0,-132499257600.0,-28519320832.0,-983462272.0,-89344.0,2688.0,-512.0,384.0
319,0.0,405080994304.0,-132134485632.0,-28489203072.0,-984365312.0,-89088.0,2688.0,-896.0,-256.0
320,0.0,479163031680.0,-131648156032.0,-28468965632.0,-985306880.0,-89088.0,2432.0,-640.0,256.0
321,0.0,615545433088.0,-131708077056.0,-28460793216.0,-986288768.0,-89088.0,2688.0,-384.0,384.0
322,0.0,581998954368.0,-132043271040.0,-28446680960.0,-987309568.0,-89088.0,2176.0,-512.0,-256.0
323,0.0,528743930880.0,-132308414208.0,-28414879232.0,-988368896.0,-89088.0,2432.0,-512.0,0.0
324,0.0,534835840768.0,-133807045376.0,-28364148480.0,-989467008.0,-89088.0,2688.0,-512.0,256.0
325,0.0,558608116224.0,-136781175552.0,-28293456000.0,-990603136.0,-89344.0,2176.0,-512.0,-256.0
326,0.0,564208746880.0,-138038804096.0,-28202024320.0,-991777280.0,-88832.0,2432.0,-512.0,256.0
327,0.0,557279173248.0,-141244441088.0,-28089377280.0,-992989184.0,-88832.0,2176.0,-384.0,-256.0
328,0.0,546498136320.0,-146936456704.0,-27955393920.0,-994237312.0,-89088.0,2944.0,-896.0,256.0
329,0.0,516415552512.0,-148990416896.0,-27800362880.0,-995522944.0,-89088.0,2688.0,-256.0,256.0
330,0.0,530037999744.0,-154316575616.0,-27625044096.0,-996843904.0,-88832.0,2432.0,-512.0,256.0
331,0.0,583128275200.0,-162864910208.0,-27430731648.0,-998200960.0,-88832.0,2176.0,-896.0,-256.0
332,0.0,613388210176.0,-165555425280.0,-27219319680.0,-999593728.0,-89088.0,2176.0,-256.0,384.0
333,0.0,508529734144.0,-173062267136.0,-26993376512.0,-1001020672.0,-89088.0,2432.0,-512.0,256.0
334,0.0,447839054720.0,-184019542784.0,-26756217856.0,-1002481792.0,-89088.0,2944.0,-256.0,256.0
335,0.0,490366813568.0,-187137604224.0,-26511987840.0,-1003976064.0,-89344.0,2944.0,-256.0,256.0
336,0.0,525049243392.0,-196705378304.0,-26265743872.0,-1005504384.0,-89088.0,2688.0,-512.0,256.0
337,0.0,525328815744.0,-209372178560.0,-26023542400.0,-1007064320.0,-88832.0,2944.0,-896.0,256.0
338,0.0,508345638656.0,-212688391680.0,-25792536832.0,-1008656000.0,-89088.0,2688.0,-256.0,256.0
339,0.0,489807951104.0,-223611002368.0,-25581069312.0,-1010279424.0,-89088.0,2688.0,-512.0,256.0
340,0.0,482654355584.0,-236659974016.0,-25398778880.0,-1011932928.0,-89088.0,2688.0,-256.0,-256.0
341,0.0,540822087168.0,-239804258176.0,-25256705920.0,-1013616896.0,-89088.0,2432.0,-896.0,256.0
342,0.0,678827599488.0,-250545904256.0,-25167402240.0,-1015329152.0,-89088.0,2688.0,-896.0,0.0
343,0.0,650110341376.0,-262024010496.0,-25141602176.0,-1017069824.0,-89088.0,2944.0,-512.0,256.0
344,0.0,601066667136.0,-264332864256.0,-25113692416.0,-1018838528.0,-89088.0,2688.0,-512.0,256.0
345,0.0,603929638912.0,-272242550144.0,-25051371904.0,-1020634368.0,-89088.0,2944.0,-512.0,0.0
346,0.0,626151880960.0,-279709063680.0,-24952181376.0,-1022455680.0,-89088.0,2688.0,-512.0,256.0
347,0.0,632482412416.0,-277245243648.0,-24814072064.0,-1024302592.0,-88704.0,2944.0,-512.0,0.0
348,0.0,626082097920.0,-271482223232.0,-24635499008.0,-1026174080.0,-89472.0,2944.0,-896.0,256.0
349,0.0,616225478656.0,-270381755904.0,-24415513984.0,-1028069248.0,-89088.0,2688.0,-512.0,256.0
350,0.0,587179659136.0,-270421856512.0,-24153872896.0,-1029986176.0,-88832.0,3072.0,-384.0,0.0
351,0.0,595232090240.0,-270146479744.0,-23851145600.0,-1031925760.0,-89088.0,3072.0,-512.0,-256.0
352,0.0,645464804480.0,-265391220480.0,-23508836096.0,-1033885824.0,-89088.0,2688.0,-512.0,256.0
353,0.0,683549528320.0,-257930831616.0,-23129507072.0,-1035865728.0,-89088.0,2944.0,-896.0,384.0
354,0.0,592588073088.0,-254539539456.0,-22716916608.0,-1037864960.0,-88832.0,2944.0,-640.0,0.0
355,0.0,512936387840.0,-244144383488.0,-22276159360.0,-1039882112.0,-88832.0,3328.0,-512.0,0.0
356,0.0,554582472576.0,-239579828864.0,-21813817856.0,-1041916160.0,-89472.0,2944.0,-640.0,0.0
357,0.0,590106743680.0,-227558095744.0,-21338121216.0,-1043965440.0,-89088.0,2944.0,-512.0,-384.0
358,0.0,593626393216.0,-217262969088.0,-20859114496.0,-1046030208.0,-89088.0,2944.0,-512.0,256.0
359,0.0,578194380800.0,-207583273600.0,-20388833408.0,-1048108544.0,-89088.0,2688.0,-384.0,256.0
360,0.0,559060895360.0,-189386694016.0,-19941492864.0,-1050199936.0,-89088.0,3328.0,-384.0,-256.0
361,0.0,549612700928.0,-183031136384.0,-19533681024.0,-1052301952.0,-89088.0,3328.0,-512.0,-256.0
362,0.0,596360197888.0,-162992311296.0,-19184564224.0,-1054414976.0,-89088.0,2944.0,0.0,-256.0
363,0.0,729391145088.0,-153630687616.0,-18916101248.0,-1056536576.0,-88832.0,2944.0,-512.0,0.0
364,0.0,720371561344.0,-137720636288.0,-18753268224.0,-1058666880.0,-88832.0,2944.0,-384.0,384.0
365,0.0,669573597440.0,-121183906688.0,-18712834560.0,-1060803456.0,-89088.0,3328.0,-256.0,384.0
366,0.0,668078840064.0,-112314039680.0,-18666196096.0,-1062945152.0,-89088.0,3072.0,-512.0,-256.0
367,0.0,691081284224.0,-92670017152.0,-18565909120.0,-1065091968.0,-89472.0,3328.0,-896.0,0.0
368,0.0,697964315008.0,-87225146368.0,-18408155904.0,-1067241344.0,-88832.0,2944.0,-640.0,-256.0
369,0.0,692970995200.0,-73010849920.0,-18189769216.0,-1069392256.0,-89088.0,3328.0,-512.0,0.0
370,0.0,682482275200.0,-65331389952.0,-17908376704.0,-1071543296.0,-89088.0,3328.0,-640.0,384.0
371,0.0,654947076352.0,-59052186624.0,-17562552576.0,-1073693184.0,-89088.0,3072.0,-256.0,256.0
372,0.0,659351725696.0,-51043216384.0,-17151978624.0,-1075841152.0,-89088.0,3328.0,-512.0,256.0
373,0.0,708858325760.0,-53636912640.0,-16677624832.0,-1077984640.0,-89088.0,3328.0,-512.0,-256.0
374,0.0,750497958272.0,-57609593344.0,-16141931392.0,-1080122752.0,-89088.0,3584.0,-512.0,-256.0
375,0.0,670764480000.0,-57036425856.0,-15549006592.0,-1082254464.0,-89088.0,3328.0,-640.0,256.0
376,0.0,578960148480.0,-56491029504.0,-14904841344.0,-1084377088.0,-89088.0,3072.0,-512.0,256.0
377,0.0,611908548736.0,-59314403456.0,-14217532544.0,-1086491392.0,-89088.0,3328.0,-640.0,256.0
378,0.0,654112533632.0,-62506519680.0,-13497515008.0,-1088593152.0,-89088.0,3584.0,-512.0,0.0
379,0.0,659341842944.0,-65545994624.0,-12757816832.0,-1090682496.0,-89344.0,3328.0,-512.0,-256.0
380,0.0,644989560448.0,-68552183424.0,-12014319232.0,-1092757504.0,-89088.0,3584.0,-512.0,256.0
381,0.0,627031188480.0,-72733390848.0,-11286034944.0,-1094816512.0,-89088.0,3328.0,-512.0,256.0
382,0.0,615014637056.0,-76144157696.0,-10595400192.0,-1096857728.0,-89088.0,3328.0,-384.0,-256.0
383,0.0,658177846272.0,-80862976256.0,-9968579584.0,-1098879360.0,-89344.0,3584.0,-1024.0,0.0
384,0.0,782626124160.0,-84124945280.0,-9435787904.0,-1100880640.0,-89344.0,3584.0,-512.0,256.0
385,0.0,789602485120.0,-89098650752.0,-9031625984.0,-1102858752.0,-89088.0,3328.0,-896.0,256.0
386,0.0,740076527360.0,-92014392832.0,-8795432576.0,-1104812416.0,-88832.0,3584.0,-512.0,384.0
387,0.0,731270952064.0,-96845676416.0,-8744345088.0,-1106740736.0,-89344.0,3328.0,-384.0,0.0
388,0.0,754705231360.0,-99265311872.0,-8675601024.0,-1108640000.0,-88832.0,3584.0,-384.0,-256.0
389,0.0,763828385408.0,-103623266816.0,-8533342464.0,-1110510464.0,-89088.0,3584.0,-512.0,384.0
390,0.0,759972059904.0,-105493887488.0,-8312392320.0,-1112349184.0,-89088.0,3584.0,-512.0,-256.0
391,0.0,749066358912.0,-109141748992.0,-8008480896.0,-1114154496.0,-89088.0,3584.0,-640.0,0.0
392,0.0,721460787328.0,-110431964416.0,-7618441472.0,-1115924352.0,-89088.0,3584.0,-512.0,256.0
393,0.0,724656346752.0,-112799197824.0,-7140416640.0,-1117657600.0,-89088.0,3584.0,-384.0,256.0
394,0.0,766154568448.0,-113203140736.0,-6574088960.0,-1119352192.0,-89088.0,3584.0,-256.0,256.0
395,0.0,817429079552.0,-108407705856.0,-5920914432.0,-1121005056.0,-89344.0,3712.0,-512.0,-256.0
396,0.0,740521676032.0,-104726988160.0,-5184385152.0,-1122615552.0,-89344.0,3584.0,-512.0,-256.0
397,0.0,659160697856.0,-101494057344.0,-4370296832.0,-1124181120.0,-89088.0,3968.0,-512.0,256.0
398,0.0,668690352640.0,-97553744256.0,-3487043456.0,-1125699968.0,-89472.0,3968.0,-512.0,256.0
399,0.0,686976088448.0,-96400597248.0,-2545919616.0,-1127170176.0,-89344.0,3584.0,-256.0,-256.0
400,0.0,693180340480.0,-94199021440.0,-1561447168.0,-1128589056.0,-89088.0,3584.0,-512.0,-256.0
401,0.0,684442848000.0,-93790031360.0,-551718272.0,-1129955072.0,-89472.0,3584.0,-512.0,0.0
402,0.0,659162608000.0,-92730601472.0,461246208.0,-1131265920.0,-89088.0,3584.0,-512.0,256.0
403,0.0,640882278784.0,-92424340736.0,1451112320.0,-1132520448.0,-89344.0,3968.0,-512.0,0.0
404,0.0,685050982784.0,-91686063104.0,2386838528.0,-1133714560.0,-89088.0,3712.0,-512.0,-256.0
405,0.0,726329927296.0,-91392035328.0,3232252672.0,-1134847744.0,-89344.0,3584.0,-256.0,-256.0
406,0.0,726276885248.0,-91000289920.0,3945614720.0,-1135916672.0,-89088.0,3584.0,-256.0,256.0
407,0.0,640316500992.0,-90748102656.0,4479153536.0,-1136920448.0,-89088.0,3968.0,-256.0,256.0
408,0.0,609165199872.0,-90582182144.0,4778589056.0,-1137855872.0,-89344.0,3968.0,-512.0,-256.0
409,0.0,650366317440.0,-90407392256.0,4835659008.0,-1138721024.0,-89088.0,3968.0,-512.0,256.0
410,0.0,669117157504.0,-90072150656.0,4927889920.0,-1139513344.0,-89728.0,3968.0,-256.0,256.0
411,0.0,665959300992.0,-89289736448.0,5111733888.0,-1140231424.0,-89472.0,3968.0,-512.0,256.0
412,0.0,645894705664.0,-88985677696.0,5393552896.0,-1140871168.0,-89088.0,3584.0,-384.0,-256.0
413,0.0,625195168128.0,-89162413056.0,5778561152.0,-1141431680.0,-89472.0,3584.0,-512.0,384.0
414,0.0,624263700736.0,-89481752064.0,6270582912.0,-1141910400.0,-89088.0,3968.0,-896.0,-256.0
415,0.0,706897989504.0,-89578836352.0,6871792256.0,-1142304640.0,-89472.0,3968.0,-640.0,-256.0
416,0.0,818567305472.0,-90107320832.0,7582428928.0,-1142612608.0,-89472.0,3968.0,-512.0,384.0
417,0.0,789982100352.0,-90805396608.0,8400501120.0,-1142831104.0,-89088.0,3584.0,-640.0,0.0
418,0.0,743234562560.0,-91059973120.0,9321463808.0,-1142956928.0,-89344.0,3968.0,-384.0,256.0
419,0.0,756804779776.0,-92081813376.0,10337880576.0,-1142997120.0,-88832.0,5120.0,-256.0,-256.0
420,0.0,778427440896.0,-92904712320.0,11439060096.0,-1143062528.0,-89088.0,5120.0,-512.0,256.0
421,0.0,782209604224.0,-93357521152.0,12610678912.0,-1143195264.0,-89088.0,5120.0,-384.0,0.0
422,0.0,774490827520.0,-94613512832.0,13834371712.0,-1143393920.0,-89088.0,5120.0,-640.0,256.0
423,0.0,763180340096.0,-95227243648.0,15087308672.0,-1143660160.0,-89088.0,5376.0,-384.0,256.0
424,0.0,731552789888.0,-95954679680.0,16341745280.0,-1143993088.0,-89088.0,5376.0,-256.0,256.0
425,0.0,749460374016.0,-97361060480.0,17564549120.0,-1144393984.0,-89088.0,5120.0,-640.0,256.0
426,0.0,811581809280.0,-97789151360.0,18716703744.0,-1144862336.0,-89088.0,5376.0,-512.0,-256.0
427,0.0,825804021120.0,-98763324928.0,19752787200.0,-1145398144.0,-89088.0,4608.0,-256.0,0.0
428,0.0,720105073408.0,-100112477056.0,20620425984.0,-1146001792.0,-89088.0,5120.0,-512.0,256.0
429,0.0,667538911744.0,-100459412608.0,21259724416.0,-1146674432.0,-89472.0,5120.0,-512.0,0.0
430,0.0,713278589696.0,-101668738432.0,21602664832.0,-1147414144.0,-88832.0,5120.0,-512.0,0.0
431,0.0,743802208512.0,-102770554880.0,21661193344.0,-1148223232.0,-89088.0,5120.0,-256.0,256.0
432,0.0,741154350080.0,-104481193088.0,21774842368.0,-1149100160.0,-89728.0,4608.0,-256.0,256.0
433,0.0,724693219200.0,-109801298048.0,21993531008.0,-1150045184.0,-89472.0,4608.0,-512.0,-256.0
434,0.0,707144926848.0,-116022527360.0,22324445568.0,-1151057920.0,-88832.0,4864.0,-512.0,256.0
435,0.0,703079853184.0,-117282795776.0,22773437568.0,-1152139648.0,-88832.0,4480.0,-640.0,0.0
436,0.0,776340002048.0,-120530532608.0,23344746368.0,-1153289216.0,-89088.0,4480.0,-256.0,256.0
437,0.0,899769530496.0,-125975169664.0,24040699264.0,-1154505984.0,-89344.0,5120.0,-640.0,-256.0
438,0.0,865711073024.0,-128308094208.0,24861384320.0,-1155791616.0,-89088.0,5120.0,-512.0,256.0
439,0.0,817950354176.0,-130483989888.0,25804312960.0,-1157144448.0,-89088.0,4608.0,-896.0,0.0
440,0.0,824711896320.0,-135485737728.0,26864046720.0,-1158564736.0,-89088.0,5120.0,-512.0,384.0
441,0.0,846066091136.0,-139691665792.0,28031814400.0,-1160051840.0,-89344.0,4608.0,-512.0,0.0
442,0.0,850699123840.0,-140378054784.0,29295090560.0,-1161605504.0,-89088.0,4480.0,-384.0,-256.0
443,0.0,843857332736.0,-142872481152.0,30637166336.0,-1163226240.0,-89088.0,4608.0,-896.0,256.0
444,0.0,832694544896.0,-146143967104.0,32036679296.0,-1164912256.0,-89088.0,4480.0,-512.0,256.0
445,0.0,801336706944.0,-146640365056.0,33467131008.0,-1166664576.0,-89472.0,4608.0,-512.0,0.0
446,0.0,815603086464.0,-146342114944.0,34896370176.0,-1168482560.0,-89344.0,4224.0,-512.0,256.0
447,0.0,871683072640.0,-145875002752.0,36286053248.0,-1170364416.0,-89472.0,4224.0,-384.0,0.0
448,0.0,900202115328.0,-145502028928.0,37591074688.0,-1172311424.0,-89088.0,4864.0,-512.0,256.0
449,0.0,791507137152.0,-142902709760.0,38758974464.0,-1174321792.0,-89088.0,4224.0,-640.0,256.0
450,0.0,732099158400.0,-136552042368.0,39729310720.0,-1176395392.0,-89088.0,4480.0,-384.0,256.0
451,0.0,775147155968.0,-130401880192.0,40433010304.0,-1178531456.0,-89088.0,4608.0,-512.0,256.0
452,0.0,810713767680.0,-129930940800.0,40791682688.0,-1180730240.0,-89088.0,4224.0,-896.0,384.0
453,0.0,810500253184.0,-128739593856.0,40848005376.0,-1182989696.0,-88832.0,4224.0,-512.0,256.0
454,0.0,793492014336.0,-127392832640.0,40976706304.0,-1185309952.0,-89344.0,4608.0,-512.0,-256.0
455,0.0,775568072448.0,-123870279680.0,41216298880.0,-1187690112.0,-89088.0,4480.0,-640.0,256.0
456,0.0,768678302976.0,-115716473856.0,41574255872.0,-1190129152.0,-89472.0,4224.0,-512.0,0.0
457,0.0,829076455296.0,-112469717760.0,42056626176.0,-1192626304.0,-89344.0,3968.0,-640.0,-256.0
458,0.0,965297550080.0,-107517072256.0,42667734400.0,-1195181056.0,-89088.0,4224.0,-256.0,-256.0
459,0.0,933898939904.0,-99242585600.0,43409862784.0,-1197791616.0,-89088.0,4224.0,-512.0,256.0
460,0.0,884466462976.0,-96742648448.0,44282913280.0,-1200458880.0,-89088.0,4608.0,-512.0,0.0
461,0.0,887377038976.0,-88867057280.0,45284040320.0,-1203179776.0,-89088.0,4224.0,-896.0,256.0
462,0.0,909813249024.0,-80831903616.0,46407266304.0,-1205954944.0,-89088.0,4608.0,-512.0,256.0
463,0.0,916082851072.0,-77826144512.0,47643068800.0,-1208781952.0,-89344.0,4224.0,-384.0,0.0
464,0.0,909576137984.0,-68590442880.0,48977944320.0,-1211660800.0,-89472.0,4864.0,-640.0,256.0
465,0.0,899684109184.0,-63399331840.0,50393947648.0,-1214589312.0,-89088.0,4608.0,-512.0,-256.0
466,0.0,870321540864.0,-59467248896.0,51868201472.0,-1217567488.0,-89088.0,4480.0,-512.0,0.0
467,0.0,879075227008.0,-51630289024.0,53372385408.0,-1220593536.0,-89088.0,4224.0,-512.0,384.0
468,0.0,929649071104.0,-49537145216.0,54872191232.0,-1223665664.0,-89344.0,4480.0,-256.0,256.0
469,0.0,967216668032.0,-47275011456.0,56326755712.0,-1226783616.0,-89088.0,4608.0,-512.0,-256.0
470,0.0,873805403776.0,-44201939840.0,57688059904.0,-1229945472.0,-89472.0,4608.0,-512.0,-256.0
471,0.0,796444958464.0,-44618364672.0,58900305792.0,-1233149568.0,-89088.0,4608.0,-512.0,0.0
472,0.0,838740645120.0,-46908298752.0,59899255936.0,-1236395392.0,-89344.0,4480.0,-640.0,256.0
473,0.0,873921642880.0,-48607996160.0,60611549568.0,-1239680640.0,-89472.0,4608.0,-384.0,-256.0
474,0.0,877131277824.0,-52424685696.0,60953982976.0,-1243004416.0,-89472.0,4608.0,-896.0,0.0
475,0.0,861516445056.0,-61738801920.0,61005533696.0,-1246364416.0,-89088.0,4608.0,-640.0,256.0
476,0.0,842301892864.0,-65830502272.0,61138419456.0,-1249759360.0,-89088.0,4608.0,-896.0,0.0
477,0.0,833188234368.0,-75042574464.0,61378134784.0,-1253188352.0,-89088.0,4608.0,-384.0,0.0
478,0.0,881111433856.0,-90022147456.0,61731787520.0,-1256648960.0,-89088.0,4608.0,-640.0,256.0
479,0.0,1015308911872.0,-94527991168.0,62205093120.0,-1260139520.0,-89472.0,4608.0,-512.0,-256.0
480,0.0,1003779080320.0,-109368872192.0,62802084608.0,-1263658752.0,-89088.0,4608.0,-512.0,-256.0
481,0.0,953103780096.0,-124498977664.0,63524808576.0,-1267203968.0,-89472.0,4608.0,-640.0,256.0
482,0.0,952663726080.0,-130321427072.0,64372993792.0,-1270774400.0,-89472.0,4224.0,-384.0,256.0
483,0.0,975401598848.0,-148006843392.0,65343698688.0,-1274367872.0,-89472.0,5120.0,-512.0,256.0
484,0.0,982116767232.0,-157889083904.0,66430943616.0,-1277981568.0,-89088.0,4864.0,-512.0,256.0
485,0.0,976914718720.0,-165810986880.0,67625305856.0,-1281614080.0,-89472.0,4864.0,-384.0,256.0
486,0.0,966558421248.0,-181475456512.0,68913504512.0,-1285263872.0,-89472.0,4608.0,-256.0,256.0
487,0.0,938787968640.0,-186055496576.0,70277953024.0,-1288929024.0,-89472.0,4608.0,-512.0,256.0
488,0.0,943454859776.0,-193189222144.0,71696288896.0,-1292605824.0,-89088.0,4480.0,-384.0,256.0
489,0.0,993455735040.0,-202570775936.0,73140879360.0,-1296294016.0,-89472.0,5120.0,-384.0,256.0
490,0.0,1034359879808.0,-203904888448.0,74578298240.0,-1299990272.0,-89088.0,4864.0,-512.0,256.0
491,0.0,953519773184.0,-207194902400.0,75968777216.0,-1303692416.0,-89088.0,4608.0,0.0,0.0
492,0.0,880464730624.0,-209759515264.0,77265632512.0,-1307398272.0,-89088.0,5120.0,-512.0,256.0
493,0.0,888042254848.0,-209061772800.0,78414658944.0,-1311106304.0,-89344.0,5120.0,-256.0,256.0
494,0.0,906815953664.0,-207105034368.0,79353500416.0,-1314812928.0,-89088.0,4608.0,-384.0,256.0
495,0.0,911146617728.0,-206228753280.0,80010987008.0,-1318516480.0,-89472.0,4608.0,-512.0,384.0
496,0.0,898372535680.0,-202596136960.0,80306446848.0,-1322213632.0,-89472.0,4608.0,-256.0,256.0
497,0.0,874685560832.0,-196616805888.0,80351348736.0,-1325903104.0,-89088.0,5120.0,-512.0,-256.0
498,0.0,858915414144.0,-194821444480.0,80473867776.0,-1329581312.0,-89472.0,4608.0,-512.0,256.0
499,0.0,902694728704.0,-188339152384.0,80688127744.0,-1333245824.0,-89472.0,5120.0,-512.0,0.0
500,0.0,947239118720.0,-181738627968.0,81000185856.0,-1336894976.0,-89344.0,5120.0,-256.0,256.0
501,0.0,936826272384.0,-179205142272.0,81414885504.0,-1340524672.0,-89344.0,4608.0,-512.0,256.0
502,0.0,846451093248.0,-171252770176.0,81935606912.0,-1344132480.0,-89728.0,5120.0,-384.0,256.0
503,0.0,830767448832.0,-166848980480.0,82564002560.0,-1347716480.0,-89344.0,5120.0,-384.0,-256.0
504,0.0,870041682944.0,-163114347392.0,83299712640.0,-1351272832.0,-89472.0,5120.0,-512.0,256.0
505,0.0,887616892928.0,-155658005120.0,84140061184.0,-1354798848.0,-89472.0,5120.0,-640.0,-256.0
506,0.0,881087867520.0,-153448497536.0,85079734144.0,-1358291328.0,-89728.0,5120.0,-512.0,-256.0
507,0.0,862026985344.0,-149405841536.0,86110436096.0,-1361748352.0,-89088.0,5376.0,-384.0,256.0
508,0.0,842835758464.0,-144091481472.0,87220527232.0,-1365165952.0,-89344.0,5120.0,-512.0,0.0
509,0.0,846312875136.0,-143005373568.0,88394638464.0,-1368541312.0,-89088.0,5120.0,-512.0,256.0
510,0.0,947957631488.0,-139588140288.0,89613269248.0,-1371870592.0,-89472.0,5376.0,-512.0,384.0
511,0.0,1033242630528.0,-136989892096.0,90852354944.0,-1375151232.0,-89472.0,5120.0,-896.0,-256.0
512,0.0,1004830177280.0,-136060387328.0,92082820736.0,-1378380544.0,-89472.0,5120.0,-640.0,384.0
513,0.0,960722825472.0,-133861185024.0,93270108928.0,-1381554176.0,-89344.0,5376.0,-512.0,256.0
514,0.0,976114352000.0,-132979238144.0,94373678848.0,-1384669568.0,-89472.0,5120.0,-384.0,256.0
515,0.0,996998263936.0,-132403223168.0,95346494720.0,-1387722624.0,-89088.0,5120.0,-256.0,256.0
516,0.0,1000043288832.0,-131504745984.0,96134472320.0,-1390710400.0,-89088.0,5120.0,-256.0,256.0
517,0.0,990857302144.0,-131361457664.0,96675917952.0,-1393629312.0,-89472.0,5376.0,-512.0,256.0
518,0.0,979470992768.0,-131364314624.0,96900929536.0,-1396475520.0,-89472.0,5120.0,-512.0,-256.0
519,0.0,949653192064.0,-131377530880.0,96937042432.0,-1399245568.0,-89344.0,5120.0,-512.0,256.0
520,0.0,973017600768.0,-131530703232.0,97032857472.0,-1401936640.0,-89728.0,5120.0,-512.0,-256.0
521,0.0,1032442755328.0,-132108625152.0,97194873216.0,-1404542976.0,-89344.0,5376.0,-512.0,256.0
522,0.0,1034910108928.0,-132449684096.0,97427491200.0,-1407063296.0,-89088.0,5376.0,-256.0,256.0
523,0.0,926595748608.0,-133423206400.0,97734222976.0,-1409492096.0,-89344.0,5120.0,-384.0,256.0
524,0.0,886423508352.0,-135623974656.0,98117507712.0,-1411825920.0,-89088.0,5376.0,-640.0,0.0
525,0.0,938924626688.0,-136822793216.0,98578517376.0,-1414060800.0,-89088.0,5376.0,-512.0,-256.0
526,0.0,962539364608.0,-137769951616.0,99116949120.0,-1416194176.0,-89344.0,5760.0,-256.0,256.0
527,0.0,958201776640.0,-140115006464.0,99730804096.0,-1418219264.0,-89088.0,5120.0,-512.0,256.0
528,0.0,941637570816.0,-141557416576.0,100416147200.0,-1420133888.0,-89088.0,5120.0,-640.0,256.0
529,0.0,922936739968.0,-142536081792.0,101166862720.0,-1421934080.0,-89344.0,5376.0,-640.0,256.0
530,0.0,923794066176.0,-145153858432.0,101974382208.0,-1423614976.0,-89472.0,5376.0,-512.0,256.0
531,0.0,999284573952.0,-146975279232.0,102827404800.0,-1425172224.0,-89472.0,5504.0,-256.0,0.0
532,0.0,1106827124352.0,-147917825280.0,103711603712.0,-1426602368.0,-89344.0,5120.0,-256.0,256.0
533,0.0,1075087390848.0,-150562000000.0,104609307648.0,-1427900160.0,-89472.0,5120.0,-512.0,0.0
534,0.0,1033190195584.0,-152606858880.0,105499175168.0,-1429061504.0,-89088.0,5504.0,-256.0,-256.0
535,0.0,1046147820544.0,-153459953792.0,106355846528.0,-1430082560.0,-89472.0,5760.0,-896.0,256.0
536,0.0,1065312030208.0,-156049194624.0,107149582976.0,-1430957952.0,-89472.0,5120.0,-384.0,256.0
537,0.0,1068810837376.0,-158288532224.0,107845881984.0,-1431683584.0,-89472.0,5504.0,-512.0,256.0
538,0.0,1060753390464.0,-159076960768.0,108405081856.0,-1432255360.0,-89472.0,5120.0,-256.0,-256.0
539,0.0,1049901858176.0,-161653371520.0,108781942784.0,-1432667136.0,-89472.0,5376.0,-896.0,0.0
540,0.0,1017872802432.0,-164105573376.0,108925219712.0,-1432915712.0,-89984.0,5376.0,-896.0,256.0
541,0.0,1035679806848.0,-164793059584.0,108949012480.0,-1333935104.0,-88832.0,5376.0,-256.0,256.0
542,0.0,1098878203776.0,-167192972032.0,109002721280.0,-1338174080.0,-89088.0,5120.0,-512.0,256.0
543,0.0,1111087168000.0,-169688554496.0,109089036288.0,-1342368640.0,-89344.0,5504.0,-640.0,256.0
544,0.0,1004942743296.0,-170252197120.0,109210284416.0,-1346523392.0,-89088.0,5376.0,-512.0,256.0
545,0.0,951469988608.0,-172278037632.0,109368343552.0,-1350641408.0,-89088.0,5120.0,-256.0,0.0
546,0.0,999376338560.0,-174560104704.0,109564548736.0,-1354729088.0,-89472.0,5120.0,-512.0,256.0
547,0.0,1029265673984.0,-174926159872.0,109799591808.0,-1358788992.0,-89088.0,5376.0,-512.0,256.0
548,0.0,1026343564800.0,-176163984256.0,110073410560.0,-1362824192.0,-89472.0,5120.0,-640.0,256.0
549,0.0,1010316606592.0,-177668365568.0,110385075712.0,-1366839680.0,-89088.0,5120.0,-384.0,256.0
550,0.0,992672900608.0,-177712946816.0,110732667904.0,-1370838912.0,-89472.0,5376.0,-640.0,256.0
551,0.0,989367316352.0,-177580005504.0,111113145856.0,-1374825472.0,-89088.0,5504.0,-512.0,256.0
552,0.0,1062546579584.0,-177418885248.0,111522206080.0,-1378802176.0,-89088.0,5760.0,-256.0,0.0
553,0.0,1181938141184.0,-176944963072.0,111954141952.0,-1382772864.0,-89088.0,5376.0,-512.0,0.0
554,0.0,1148361851136.0,-174727342336.0,112401679744.0,-1386740224.0,-89088.0,5760.0,-256.0,384.0
555,0.0,1100693414400.0,-171679395200.0,112855820928.0,-1390707840.0,-89472.0,5760.0,-896.0,256.0
556,0.0,1108481410176.0,-170392652928.0,113305666432.0,-1394678912.0,-89088.0,5504.0,-512.0,-256.0
557,0.0,1129748973056.0,-165399732480.0,113738236544.0,-1398656000.0,-89472.0,5760.0,-256.0,384.0
558,0.0,1134137872768.0,-158084214528.0,114138278784.0,-1402641280.0,-89088.0,5504.0,-512.0,256.0
559,0.0,1127216218752.0,-155588128768.0,114488068352.0,-1406638080.0,-89472.0,5760.0,-256.0,0.0
560,0.0,1115962398208.0,-147421391232.0,114767196800.0,-1410649472.0,-89088.0,5760.0,-512.0,256.0
561,0.0,1084310110848.0,-134711228672.0,114952354560.0,-1414676992.0,-89472.0,6016.0,-512.0,256.0
562,0.0,1099072318976.0,-130558773248.0,115017683328.0,-1418723328.0,-89088.0,6016.0,-640.0,256.0
563,0.0,1156665027968.0,-119452702976.0,115022954752.0,-1422790272.0,-89088.0,6016.0,-512.0,256.0
564,0.0,1183228285184.0,-101127736448.0,115023055360.0,-1426880512.0,-89472.0,6400.0,-256.0,-256.0
565,0.0,1074099719424.0,-94986342784.0,115018024704.0,-1430996224.0,-89472.0,6016.0,-512.0,0.0
566,0.0,1015572773888.0,-82112073472.0,115007956480.0,-1435139072.0,-89344.0,6272.0,-256.0,256.0
567,0.0,1058860104320.0,-59616805504.0,114993007360.0,-1439310976.0,-89472.0,6016.0,-512.0,0.0
568,0.0,1094275562112.0,-51585964416.0,114973396864.0,-1443513472.0,-89088.0,6400.0,-256.0,-256.0
569,0.0,1093714055936.0,-39117300224.0,114949414912.0,-1447748096.0,-89088.0,6400.0,-256.0,256.0
570,0.0,1076635932160.0,-16059795840.0,114921423104.0,-1452016640.0,-89088.0,6272.0,-896.0,0.0
571,0.0,1058934935680.0,-7095289984.0,114889862912.0,-1456320128.0,-89472.0,7168.0,-512.0,256.0
572,0.0,1052287587712.0,2152531712.0,114855256192.0,-1460659968.0,-89472.0,6656.0,-512.0,256.0
573,0.0,1114589687424.0,20244701312.0,114818208000.0,-1465038208.0,-89472.0,6912.0,-512.0,256.0
574,0.0,1250123374848.0,27194395648.0,114779413504.0,-1469454464.0,-89088.0,6656.0,-512.0,256.0
575,0.0,1217752495488.0,17927118720.0,114739657984.0,-1473911040.0,-89472.0,6656.0,-512.0,-256.0
576,0.0,1168506972544.0,6265694464.0,114699819904.0,-1478407680.0,-89088.0,7168.0,-512.0,-256.0
577,0.0,1171744746624.0,8850513920.0,114660873728.0,-1482946048.0,-89472.0,7296.0,-512.0,256.0
578,0.0,1194062589440.0,16499597952.0,114623889920.0,-1487526400.0,-89472.0,7552.0,-512.0,256.0
579,0.0,1200152422528.0,17742224128.0,114590039424.0,-1492150016.0,-89088.0,7296.0,-256.0,256.0
580,0.0,1193565408512.0,9764045184.0,114560589440.0,-1496816000.0,-89472.0,7808.0,-512.0,256.0
581,0.0,1183534377344.0,2016721408.0,114536907904.0,-1501525888.0,-89088.0,7808.0,-640.0,256.0
582,0.0,1153807098112.0,-5700352.0,114520461056.0,-1506279168.0,-89344.0,7808.0,-640.0,384.0
583,0.0,1163270289152.0,-5191263232.0,114512811392.0,-1511076992.0,-89472.0,8192.0,-256.0,384.0
584,0.0,1214311931392.0,-7444246528.0,114514876928.0,-1515918592.0,-89088.0,8192.0,-640.0,256.0
585,0.0,1251139150336.0,-15133598336.0,114496016384.0,-1520803840.0,-89472.0,8192.0,-512.0,256.0
586,0.0,1154749456768.0,-20591822336.0,114437357824.0,-1525733376.0,-89984.0,8448.0,-512.0,-256.0
587,0.0,1080404969216.0,-25019615488.0,114336411904.0,-1530706176.0,-89088.0,8448.0,-512.0,-256.0
588,0.0,1123264909312.0,-33029034112.0,114191166336.0,-1535722240.0,-89472.0,8832.0,-512.0,-256.0
589,0.0,1158254067584.0,-35227090688.0,114000185088.0,-1540781440.0,-89344.0,8832.0,-640.0,-256.0
590,0.0,1160921452928.0,-42065507584.0,113762710144.0,-1545882624.0,-89472.0,8832.0,-512.0,-256.0
591,0.0,1145016556928.0,-45466703232.0,113478765696.0,-1551025408.0,-89472.0,9088.0,-512.0,256.0
592,0.0,1125836488064.0,-48903884672.0,113149275264.0,-1556209664.0,-89472.0,9088.0,-896.0,256.0
593,0.0,1117265521152.0,-53463754368.0,112776184576.0,-1561433856.0,-89728.0,9600.0,-512.0,-256.0
594,0.0,1166645367808.0,-54406580224.0,112362587648.0,-1566697344.0,-89472.0,9728.0,-256.0,256.0
595,0.0,1301607124480.0,-57032202368.0,111912862336.0,-1571998464.0,-89728.0,9728.0,-512.0,256.0
596,0.0,1285524076288.0,-57819767936.0,111432813184.0,-1577336320.0,-89472.0,9728.0,-256.0,256.0
597,0.0,1234548083328.0,-57977662976.0,110929821952.0,-1582710272.0,-89472.0,10240.0,-512.0,256.0
598,0.0,1235253138944.0,-58143735936.0,110413001856.0,-1588118656.0,-89472.0,10496.0,-512.0,-256.0
599,0.0,1257830875904.0,-57349065344.0,109893365248.0,-1593559808.0,-89472.0,10624.0,-896.0,256.0
600,0.0,1264582359296.0,-55532604288.0,109383993600.0,-1599033088.0,-89472.0,10624.0,-256.0,0.0
601,0.0,1259161595392.0,-54805958656.0,108900217344.0,-1604535296.0,-89472.0,10880.0,-896.0,256.0
602,0.0,1248990694144.0,-52030209536.0,108459802880.0,-1610065920.0,-89088.0,10880.0,-512.0,0.0
603,0.0,1221091280128.0,-50238271488.0,108083149568.0,-1615622784.0,-89472.0,11136.0,-384.0,-256.0
604,0.0,1226262487296.0,-48074836480.0,107793491712.0,-1621203712.0,-89472.0,11264.0,-256.0,256.0
605,0.0,1276232231936.0,-44475875072.0,107617108096.0,-1626807040.0,-89472.0,11520.0,-384.0,256.0
606,0.0,1316686361472.0,-43382446720.0,107575748736.0,-1632430464.0,-89472.0,12032.0,-512.0,256.0
607,0.0,1234772491648.0,-39773894144.0,107530460032.0,-1638072320.0,-89088.0,12032.0,-512.0,256.0
608,0.0,1144971400960.0,-38143837952.0,107415509760.0,-1643729408.0,-89344.0,12672.0,-640.0,0.0
609,0.0,1181030320896.0,-35816101760.0,107226303872.0,-1649399808.0,-89472.0,12672.0,-640.0,-256.0
610,0.0,1221040452992.0,-33020967680.0,106959103104.0,-1655080576.0,-89344.0,12672.0,-256.0,-256.0
611,0.0,1225875271680.0,-32044213248.0,106611198336.0,-1660769792.0,-89472.0,12928.0,-384.0,256.0
612,0.0,1211402107776.0,-29384086912.0,106181095424.0,-1666464256.0,-89088.0,12928.0,-512.0,256.0
613,0.0,1193034979456.0,-28547450240.0,105668714496.0,-1672161280.0,-89344.0,13312.0,-384.0,0.0
614,0.0,1181682755840.0,-26992273024.0,105075593984.0,-1677857664.0,-89088.0,13312.0,-896.0,384.0
615,0.0,1225007653376.0,-25676437632.0,104405119872.0,-1683551488.0,-89472.0,13952.0,-256.0,384.0
616,0.0,1351825126528.0,-24156684928.0,103662755072.0,-1689238144.0,-89984.0,13824.0,-512.0,256.0
617,0.0,1355415535616.0,-20775934080.0,102856293248.0,-1694915200.0,-89088.0,13952.0,-384.0,256.0
618,0.0,1305379380352.0,-19712229760.0,101996114432.0,-1700579584.0,-89728.0,14208.0,-384.0,0.0
619,0.0,1298286381696.0,-19046334592.0,101095464704.0,-1706227840.0,-89088.0,14464.0,-384.0,-256.0
620,0.0,1321763749376.0,-18082883584.0,100170744320.0,-1711856640.0,-89984.0,14464.0,-512.0,256.0
621,0.0,1330211454720.0,-17872271488.0,99241808768.0,-1717461376.0,-89984.0,15104.0,-384.0,0.0
622,0.0,1326098364416.0,-17374838784.0,98332287616.0,-1723039360.0,-89344.0,15104.0,-256.0,256.0
623,0.0,1315045881344.0,-17013939968.0,97469918336.0,-1728585984.0,-89728.0,15744.0,-256.0,256.0
624,0.0,1287770130560.0,-17133616256.0,96686888960.0,-1734098560.0,-89472.0,16000.0,-256.0,0.0
625,0.0,1291341680896.0,-17469571584.0,96020201600.0,-1739572608.0,-89472.0,15744.0,-640.0,0.0
626,0.0,1335305344768.0,-17594291200.0,95512050432.0,-1745004544.0,-89088.0,16384.0,-512.0,256.0
627,0.0,1383594869760.0,-18029984000.0,95210211456.0,-1750388736.0,-89472.0,16384.0,-384.0,384.0
628,0.0,1305334812032.0,-18684504064.0,95145646720.0,-1755722624.0,-89984.0,17152.0,-512.0,256.0
629,0.0,1214167582976.0,-18890128256.0,95075584768.0,-1761000320.0,-89472.0,17152.0,-512.0,-256.0
630,0.0,1239934830592.0,-19699779840.0,94914143232.0,-1766218368.0,-89728.0,17152.0,-384.0,0.0
631,0.0,1286128608768.0,-20320390656.0,94655264768.0,-1771372160.0,-89472.0,17536.0,-896.0,-256.0
632,0.0,1292028281472.0,-20737047424.0,94294033920.0,-1776457600.0,-89984.0,17536.0,-640.0,0.0
633,0.0,1277506366464.0,-21770312704.0,93826904960.0,-1781468928.0,-89984.0,18176.0,-512.0,384.0
634,0.0,1260333123840.0,-22160972672.0,93251951488.0,-1786401408.0,-89984.0,18176.0,-512.0,256.0
635,0.0,1247275597952.0,-22864759040.0,92569124608.0,-1791251200.0,-89984.0,18816.0,-256.0,-256.0
636,0.0,1285856774400.0,-23914259840.0,91780535552.0,-1796011904.0,-89984.0,18816.0,-640.0,256.0
637,0.0,1411383540096.0,-24740246912.0,90890749568.0,-1800678912.0,-89472.0,19328.0,-256.0,0.0
638,0.0,1422255587712.0,-28256742656.0,89907096832.0,-1805247744.0,-89728.0,19072.0,-512.0,256.0
639,0.0,1373262856320.0,-33145710336.0,88840005632.0,-1809712640.0,-89472.0,19712.0,-512.0,-256.0
640,0.0,1362148075904.0,-34417899776.0,87703347712.0,-1814067840.0,-89472.0,20480.0,-384.0,256.0
641,0.0,1385374787328.0,-36765507712.0,86514806016.0,-1818307968.0,-89472.0,19712.0,-384.0,-256.0
642,0.0,1395730171008.0,-40994585856.0,85296257152.0,-1822428160.0,-89472.0,20480.0,-384.0,256.0
643,0.0,1392209390208.0,-42886528128.0,84074177408.0,-1826422144.0,-89472.0,20608.0,-512.0,0.0
644,0.0,1382181402496.0,-44850920832.0,82880060800.0,-1830284416.0,-89472.0,21376.0,-384.0,256.0
645,0.0,1355525965440.0,-49309811456.0,81750865024.0,-1834008832.0,-89984.0,21376.0,-256.0,256.0
646,0.0,1354038699392.0,-52514848640.0,80729467136.0,-1837589632.0,-89984.0,22016.0,-896.0,256.0
647,0.0,1392730880128.0,-53730770816.0,79865151360.0,-1841020800.0,-89472.0,22016.0,-256.0,256.0
648,0.0,1449687422976.0,-57439837056.0,79214104448.0,-1844295936.0,-89088.0,22144.0,-512.0,-256.0
649,0.0,1383682664704.0,-61395092096.0,78839939456.0,-1847409280.0,-89472.0,22912.0,-384.0,-256.0
650,0.0,1287211340416.0,-62171807104.0,78768941312.0,-1850353920.0,-89984.0,23296.0,-256.0,256.0
651,0.0,1299940052736.0,-64856074240.0,78679463552.0,-1853124480.0,-89984.0,23296.0,-256.0,0.0
652,0.0,1318779094656.0,-68624224384.0,78486911616.0,-1855713408.0,-89984.0,23552.0,-512.0,256.0
653,0.0,1325453236096.0,-69492819840.0,78184506240.0,-1858114048.0,-89088.0,24192.0,-512.0,256.0
654,0.0,1318742199936.0,-70686380672.0,77766771712.0,-1860320768.0,-89472.0,24192.0,-384.0,256.0
655,0.0,1293734850560.0,-72830694144.0,77229799040.0,-1862325504.0,-89984.0,24448.0,-512.0,-256.0
656,0.0,1273761149056.0,-73651869184.0,76571525504.0,-1864122880.0,-89984.0,25088.0,-384.0,256.0
657,0.0,1312419803776.0,-73133636224.0,75792033280.0,-1865704448.0,-89472.0,25088.0,-256.0,-256.0
658,0.0,1353233167360.0,-72063610624.0,74893861120.0,-1867063808.0,-89472.0,25728.0,0.0,-256.0
659,0.0,1363260718336.0,-71267864960.0,73882344448.0,-1868193280.0,-89984.0,25728.0,-512.0,-256.0
660,0.0,1276152830976.0,-69346366464.0,72765966592.0,-1869086720.0,-89984.0,25984.0,-512.0,256.0
661,0.0,1240993263232.0,-63840682112.0,71556734720.0,-1869735552.0,-89088.0,26624.0,-512.0,256.0
662,0.0,1279722453504.0,-58063534336.0,70270570496.0,-1870133504.0,-89728.0,26880.0,-384.0,0.0
663,0.0,1300644535680.0,-57449605248.0,68927731584.0,-1870278656.0,-89984.0,27136.0,-512.0,-256.0
664,0.0,1299435945728.0,-55886341248.0,67553238784.0,-1870495744.0,-90240.0,27776.0,-512.0,384.0
665,0.0,1280161707136.0,-54284394752.0,66177338240.0,-1870970112.0,-90240.0,28160.0,-256.0,256.0
666,0.0,1258859496832.0,-50997610624.0,64835977728.0,-1871703936.0,-89472.0,28160.0,-384.0,256.0
667,0.0,1255854013440.0,-43149895040.0,63571305344.0,-1872696704.0,-89984.0,28928.0,-896.0,256.0
668,0.0,1331521946752.0,-39941864192.0,62432194688.0,-1873949952.0,-89472.0,28928.0,-512.0,256.0
669,0.0,1461484528128.0,-35125093376.0,61474784640.0,-1875464064.0,-90368.0,29056.0,-512.0,0.0
670,0.0,1429369162624.0,-27098852992.0,60763051008.0,-1877240064.0,-90624.0,29696.0,0.0,384.0
671,0.0,1378416882688.0,-24674970368.0,60369394176.0,-1879278464.0,-90624.0,29696.0,-384.0,256.0
672,0.0,1387598902016.0,-16940875264.0,60303236224.0,-1881580032.0,-90624.0,30592.0,-256.0,256.0
673,0.0,1410496132992.0,-9270416768.0,60202362624.0,-1884145408.0,-90752.0,30592.0,-256.0,256.0
674,0.0,1415142917248.0,-6267825408.0,59996932096.0,-1886975232.0,-90880.0,31360.0,-640.0,0.0
675,0.0,1408043115008.0,2661335552.0,59680151936.0,-1890069376.0,-91520.0,32000.0,-512.0,256.0
676,0.0,1396723378944.0,7384035840.0,59246571392.0,-1893429120.0,-91648.0,32000.0,-512.0,-256.0
677,0.0,1365806442624.0,11257598848.0,58692349184.0,-1897054976.0,-91648.0,32384.0,-384.0,256.0
678,0.0,1381545140992.0,18643579392.0,58015534208.0,-1900946560.0,-92288.0,32256.0,-256.0,-384.0
679,0.0,1438067042944.0,20403254016.0,57216372736.0,-1905105024.0,-92288.0,33024.0,-512.0,256.0
680,0.0,1462946389376.0,22549353728.0,56297624960.0,-1909529984.0,-93056.0,33792.0,-640.0,-256.0
681,0.0,1354620127872.0,25244863360.0,55264909696.0,-1914221440.0,-93312.0,33792.0,-384.0,-256.0
682,0.0,1299332094848.0,24630932608.0,54127063296.0,-1919180416.0,-94080.0,34432.0,-256.0,256.0
683,0.0,1342459453440.0,22122547968.0,52896515328.0,-1924406784.0,-94336.0,34688.0,-256.0,256.0
684,0.0,1376514209664.0,20452749696.0,51589696512.0,-1929900288.0,-94976.0,35072.0,-512.0,256.0
685,0.0,1375412348032.0,16252182656.0,50227454208.0,-1935661440.0,-95232.0,35328.0,-384.0,256.0
686,0.0,1358152945664.0,6976578816.0,48835495680.0,-1941689600.0,-95744.0,35968.0,-512.0,0.0
687,0.0,1340634300416.0,3312630400.0,47444853376.0,-1947985024.0,-96128.0,35968.0,-512.0,256.0
688,0.0,1334337052160.0,-6480782848.0,46092366208.0,-1954548352.0,-96896.0,36608.0,-512.0,256.0
689,0.0,1399065528320.0,-20591806464.0,44821189376.0,-1961378688.0,-97664.0,36608.0,-256.0,256.0
690,0.0,1533464139392.0,-24962877312.0,43681323392.0,-1968475776.0,-98176.0,37120.0,-384.0,384.0
691,0.0,1500242071296.0,-40297681024.0,42730165376.0,-1975839232.0,-98816.0,37504.0,-512.0,256.0
692,0.0,1451330247808.0,-53081416960.0,42033083520.0,-1983470080.0,-99968.0,37760.0,-512.0,256.0
693,0.0,1455047150336.0,-59935195520.0,41664017152.0,-1991366656.0,-100224.0,38400.0,-256.0,0.0
694,0.0,1477175578496.0,-77618995328.0,41608320512.0,-1999528704.0,-100864.0,38912.0,-256.0,256.0
695,0.0,1483019922688.0,-85404635392.0,41505231232.0,-2007955840.0,-101632.0,39552.0,-640.0,-256.0
696,0.0,1476397923456.0,-94237997312.0,41305001472.0,-2016647936.0,-102272.0,39808.0,-512.0,0.0
697,0.0,1466161972480.0,-109122727936.0,41001412992.0,-2025604224.0,-103424.0,39808.0,-512.0,256.0
698,0.0,1436239649408.0,-112542699008.0,40589511296.0,-2034824320.0,-104064.0,40576.0,-512.0,256.0
699,0.0,1446708339328.0,-120195394560.0,40065853312.0,-2044307200.0,-104576.0,41088.0,-512.0,0.0
700,0.0,1498239228288.0,-128223853952.0,39428771328.0,-2054052224.0,-105344.0,41344.0,-512.0,0.0
701,0.0,1533928959360.0,-129456713216.0,38678654976.0,-2064059136.0,-106624.0,41728.0,-512.0,0.0
702,0.0,1435070832896.0,-132856296192.0,37818250368.0,-2074326528.0,-107520.0,42624.0,-384.0,256.0
703,0.0,1363724510208.0,-134758989696.0,36852976896.0,-2084854272.0,-108160.0,42624.0,-896.0,256.0
704,0.0,1406555283328.0,-133863989376.0,35791261696.0,-2095640704.0,-109184.0,43264.0,-512.0,0.0
705,0.0,1441611109760.0,-131968812928.0,34644891136.0,-2106684800.0,-110208.0,43520.0,-384.0,-256.0
706,0.0,1443857721856.0,-131134316800.0,33429387008.0,-2117986560.0,-111488.0,44416.0,-384.0,384.0
707,0.0,1427751084288.0,-126971309440.0,32164392064.0,-2129544448.0,-112000.0,44416.0,-256.0,256.0
708,0.0,1408553149696.0,-121694499712.0,30874085248.0,-2141356672.0,-113664.0,45056.0,-256.0,256.0
709,0.0,1400280072960.0,-119785251584.0,29587607424.0,-2153422976.0,-114304.0,45312.0,-512.0,256.0
710,0.0,1451178289280.0,-112758861568.0,28339514496.0,-2165741568.0,-115584.0,45568.0,-512.0,-256.0
711,0.0,1587335744000.0,-107876375808.0,27170246016.0,-2178311808.0,-116736.0,46464.0,-512.0,-256.0
712,0.0,1568888474496.0,-104378230656.0,26126617088.0,-2191131264.0,-117632.0,46464.0,-256.0,0.0
713,0.0,1518208535936.0,-96259007232.0,25262328704.0,-2204199552.0,-118912.0,47104.0,-512.0,256.0
714,0.0,1519657401216.0,-93296637568.0,24638502784.0,-2217515392.0,-120448.0,47104.0,-512.0,384.0
715,0.0,1542013439360.0,-88663664640.0,24324233472.0,-2231076352.0,-121472.0,47744.0,-256.0,256.0
716,0.0,1548704732288.0,-81707014272.0,24280227200.0,-2244881536.0,-122368.0,48128.0,-384.0,256.0
717,0.0,1543073312640.0,-80159527552.0,24183690880.0,-2258928640.0,-124032.0,48896.0,-512.0,256.0
718,0.0,1533011840640.0,-75482194304.0,24004007424.0,-2273216896.0,-125440.0,49024.0,-384.0,256.0
719,0.0,1504905842432.0,-71359187328.0,23735936512.0,-2287744512.0,-126464.0,49536.0,-256.0,256.0
720,0.0,1510488306176.0,-69971225984.0,23375334144.0,-2302508928.0,-127744.0,49920.0,-256.0,256.0
721,0.0,1560385179520.0,-66265608960.0,22919365120.0,-2317508864.0,-129280.0,50688.0,-384.0,-256.0
722,0.0,1600581022336.0,-64560801920.0,22366726528.0,-2332742144.0,-130176.0,50816.0,-512.0,256.0
723,0.0,1517334485376.0,-63284602880.0,21717896192.0,-2348207488.0,-131712.0,51328.0,-512.0,-256.0
724,0.0,1428982413056.0,-61085746432.0,20975380992.0,-2363902208.0,-133504.0,51968.0,-512.0,-256.0
725,0.0,1466273454592.0,-60598929280.0,20143993088.0,-2379824512.0,-134784.0,52224.0,-512.0,256.0
726,0.0,1505295066112.0,-59869215744.0,19231135104.0,-2395971584.0,-136064.0,53120.0,-384.0,256.0
727,0.0,1509935450880.0,-59078580864.0,18247101568.0,-2412342528.0,-137472.0,53760.0,-512.0,256.0
728,0.0,1495314922496.0,-59031432704.0,17205398272.0,-2428933888.0,-139520.0,53248.0,-384.0,256.0
729,0.0,1476746614784.0,-59011873280.0,16123075584.0,-2445744640.0,-141056.0,54656.0,-256.0,256.0
730,0.0,1465747437824.0,-58996529280.0,15021079680.0,-2462770816.0,-142848.0,54656.0,-512.0,0.0
731,0.0,1509530173568.0,-59251283712.0,13924618752.0,-2480011392.0,-144128.0,55296.0,-512.0,256.0
732,0.0,1637734034560.0,-59827941504.0,12863550208.0,-2497462912.0,-146048.0,55680.0,-512.0,256.0
733,0.0,1639212793472.0,-60106045056.0,11872780032.0,-2515122944.0,-147584.0,56448.0,-512.0,0.0
734,0.0,1589044109184.0,-61420600064.0,10992682112.0,-2532989312.0,-149376.0,56448.0,-512.0,256.0
735,0.0,1583094259712.0,-63594747904.0,10269534976.0,-2551058304.0,-151040.0,57344.0,-640.0,256.0
736,0.0,1606511689216.0,-64260038272.0,9755978240.0,-2569329024.0,-152704.0,57728.0,-384.0,-256.0
737,0.0,1614542101760.0,-65620619392.0,9511483136.0,-2587797248.0,-154496.0,57728.0,-512.0,384.0
738,0.0,1610246630912.0,-68035129984.0,9477877120.0,-2606460416.0,-156416.0,58880.0,-512.0,256.0
739,0.0,1599204674432.0,-68844978304.0,9394984960.0,-2625316224.0,-157952.0,59520.0,-256.0,384.0
740,0.0,1571986221696.0,-70313481216.0,9246768000.0,-2644359936.0,-160000.0,59520.0,-512.0,256.0
741,0.0,1575566896896.0,-73067921152.0,9029169920.0,-2663589632.0,-161664.0,59904.0,-256.0,-256.0
742,0.0,1621134380672.0,-74102857856.0,8739007744.0,-2683002624.0,-163712.0,60672.0,-512.0,-256.0
743,0.0,1667749261184.0,-75562892416.0,8374139648.0,-2702595200.0,-165760.0,61312.0,-512.0,256.0
744,0.0,1589501269248.0,-78402974208.0,7933640832.0,-2722363264.0,-167808.0,61696.0,-896.0,256.0
745,0.0,1512212235648.0,-79576848768.0,7417996160.0,-2742305280.0,-169600.0,62208.0,-512.0,256.0
746,0.0,1519549774848.0,-80959954944.0,6829299584.0,-2762416128.0,-171648.0,62848.0,-256.0,256.0
747,0.0,1538087459456.0,-83800633216.0,6171468672.0,-2782693248.0,-173696.0,62848.0,-256.0,-256.0
748,0.0,1543821100928.0,-85107080576.0,5450469248.0,-2803132288.0,-175360.0,63744.0,-640.0,-256.0
749,0.0,1533409682560.0,-86447655424.0,4674552960.0,-2823731072.0,-177536.0,64128.0,-256.0,256.0
750,0.0,1508320911232.0,-89334218752.0,3854507136.0,-2844483840.0,-179968.0,64640.0,-256.0,384.0
751,0.0,1491289774336.0,-90792282752.0,3003917312.0,-2865388544.0,-182016.0,65024.0,-512.0,256.0
752,0.0,1535759168896.0,-92004499456.0,2139441792.0,-2886440704.0,-184064.0,66176.0,-256.0,256.0
753,0.0,1579225955840.0,-94762966400.0,1281100288.0,-2907636352.0,-186496.0,66176.0,-256.0,-256.0
754,0.0,1573388828160.0,-96294018944.0,452577024.0,-2928971776.0,-188160.0,66816.0,-512.0,-256.0
755,0.0,1487075175040.0,-97291697408.0,-318468864.0,-2950442752.0,-190592.0,67072.0,-256.0,0.0
756,0.0,1460735797632.0,-99700206592.0,-1000067456.0,-2972044672.0,-192768.0,67968.0,-512.0,-256.0
757,0.0,1501278851456.0,-101163329664.0,-1555605504.0,-2993773952.0,-194688.0,68352.0,-256.0,0.0
758,0.0,1520107684352.0,-101768461440.0,-1943460736.0,-3015626368.0,-197504.0,69248.0,-384.0,256.0
759,0.0,1515598724096.0,-103339334784.0,-2116639488.0,-3037597312.0,-200192.0,69248.0,-512.0,256.0
760,0.0,1495404308352.0,-104377752704.0,-2141895808.0,-3059681920.0,-202112.0,70144.0,-256.0,256.0
761,0.0,1475724477312.0,-104356468352.0,-2206479616.0,-3081876480.0,-204800.0,70656.0,-512.0,0.0
762,0.0,1475895067264.0,-104365312256.0,-2317375872.0,-3104175616.0,-207104.0,71296.0,-512.0,-256.0
763,0.0,1565105872000.0,-104350069504.0,-2477423104.0,-3126575104.0,-209664.0,71040.0,-256.0,256.0
764,0.0,1665920842112.0,-103439787520.0,-2688832768.0,-3149070592.0,-211840.0,71680.0,-512.0,256.0
765,0.0,1639298447488.0,-100941214848.0,-2953068288.0,-3171656064.0,-214528.0,72448.0,-512.0,384.0
766,0.0,1594325029376.0,-98901031808.0,-3270721024.0,-3194327680.0,-216832.0,73088.0,-384.0,-256.0
767,0.0,1608420055168.0,-96882320128.0,-3641372800.0,-3217080192.0,-219648.0,73216.0,-512.0,256.0
768,0.0,1629882866048.0,-90871120256.0,-4063452928.0,-3239908480.0,-221696.0,74368.0,-512.0,-256.0
769,0.0,1633561164288.0,-85546258816.0,-4534088320.0,-3262807552.0,-224768.0,74880.0,-256.0,256.0
770,0.0,1625232860544.0,-82345178624.0,-5048942464.0,-3285771776.0,-227328.0,75264.0,-512.0,0.0
771,0.0,1614287262720.0,-72082381568.0,-5602047232.0,-3308796032.0,-229760.0,76160.0,256.0,256.0
772,0.0,1582891916416.0,-62246450816.0,-6185624448.0,-3331874944.0,-232576.0,76416.0,-512.0,256.0
773,0.0,1602238582656.0,-57982212736.0,-6789902848.0,-3355002880.0,-235520.0,77056.0,-512.0,256.0
774,0.0,1664690630272.0,-43465693952.0,-7402919552.0,-3378174592.0,-238208.0,77440.0,-384.0,-256.0
775,0.0,1673462769920.0,-28503348224.0,-8010318592.0,-3401384320.0,-240640.0,77696.0,-256.0,256.0
776,0.0,1568313053440.0,-23525250688.0,-8595135488.0,-3424625792.0,-243456.0,78592.0,-512.0,-256.0
777,0.0,1519005314688.0,-5993237248.0,-9137576064.0,-3447894400.0,-246528.0,79232.0,-256.0,0.0
778,0.0,1567758124928.0,13340242688.0,-9614782208.0,-3471182464.0,-249216.0,80000.0,-512.0,256.0
779,0.0,1595303186688.0,18437415808.0,-10000592512.0,-3494486016.0,-252032.0,80128.0,-256.0,256.0
780,0.0,1591724902528.0,36230465536.0,-10265287424.0,-3517797504.0,-254848.0,80640.0,-512.0,256.0
781,0.0,1575793791488.0,57138502656.0,-10375329920.0,-3541111040.0,-257920.0,81280.0,-512.0,256.0
782,0.0,1557747480832.0,61544536576.0,-10393866240.0,-3564420608.0,-260736.0,81920.0,-896.0,0.0
783,0.0,1555662606720.0,75593595776.0,-10438102144.0,-3587719552.0,-264064.0,82560.0,-384.0,-256.0
784,0.0,1629607212032.0,93142995712.0,-10510588672.0,-3611001984.0,-267008.0,83072.0,-512.0,384.0
785,0.0,1747389441792.0,91616863616.0,-10613049088.0,-3634260736.0,-269952.0,83712.0,0.0,-256.0
786,0.0,1713797585408.0,79502788352.0,-10746815744.0,-3657489152.0,-272896.0,83968.0,-256.0,256.0
787,0.0,1667758137344.0,74041506944.0,-10912759040.0,-3680681600.0,-275840.0,84608.0,-384.0,-256.0
788,0.0,1677272224384.0,79245129728.0,-11111208960.0,-3703829760.0,-279040.0,84992.0,-512.0,-256.0
789,0.0,1697790460928.0,86216605824.0,-11341871232.0,-3726927744.0,-282112.0,86144.0,-512.0,0.0
790,0.0,1701657342336.0,83391254144.0,-11603740544.0,-3749967872.0,-285568.0,86400.0,-640.0,256.0
791,0.0,1694471888128.0,73613482240.0,-11895008256.0,-3772943360.0,-288640.0,87040.0,-256.0,0.0
792,0.0,1683107179392.0,69842696960.0,-12212961664.0,-3795846784.0,-291712.0,87424.0,-384.0,-256.0
793,0.0,1651089801728.0,66195358976.0,-12553884928.0,-3818671744.0,-294912.0,87936.0,-512.0,384.0
794,0.0,1666825087488.0,61704656512.0,-12912947712.0,-3841409792.0,-298624.0,89088.0,-384.0,256.0
795,0.0,1727051090816.0,58256900224.0,-13284092160.0,-3864053504.0,-301696.0,89472.0,-256.0,-256.0
796,0.0,1749075016320.0,49060283776.0,-13659913472.0,-3886595584.0,-304896.0,89984.0,-256.0,256.0
797,0.0,1641101200256.0,45951302784.0,-14031537024.0,-3909028224.0,-308352.0,90624.0,-384.0,-256.0
798,0.0,1583658709760.0,39082437760.0,-14388484608.0,-3931343616.0,-311808.0,90880.0,-384.0,0.0
799,0.0,1627797729024.0,33012235136.0,-14718541696.0,-3953534720.0,-315008.0,91264.0,-512.0,256.0
800,0.0,1661954339968.0,29363735936.0,-15007614080.0,-3975591680.0,-318848.0,91904.0,-896.0,-256.0
801,0.0,1660634193280.0,21567768192.0,-15239581312.0,-3997507968.0,-321920.0,93056.0,-512.0,256.0
802,0.0,1643548557440.0,19570824064.0,-15396142720.0,-4019274752.0,-325504.0,93312.0,-384.0,256.0
803,0.0,1626348485888.0,14628120960.0,-15456674432.0,-4040883840.0,-328832.0,93952.0,-384.0,384.0
804,0.0,1620459336960.0,11387092352.0,-15469200640.0,-4062326528.0,-332416.0,94208.0,256.0,256.0
805,0.0,1687172523904.0,9658267264.0,-15493401088.0,-4083594752.0,-336000.0,95488.0,-256.0,0.0
806,0.0,1817879489408.0,6730530304.0,-15530212480.0,-4104679680.0,-339456.0,95744.0,-512.0,256.0
807,0.0,1784460079744.0,6428830080.0,-15580421888.0,-4125572608.0,-343552.0,96128.0,-512.0,256.0
808,0.0,1735146268160.0,6034901888.0,-15644638976.0,-4146263936.0,-347264.0,97024.0,0.0,256.0
809,0.0,1739256958720.0,5892235648.0,-15723261952.0,-4166746112.0,-350720.0,97664.0,-256.0,-256.0
810,0.0,1761466424064.0,7038124288.0,-15816439424.0,-4187009024.0,-354432.0,98176.0,-512.0,384.0
811,0.0,1767155205248.0,8563550976.0,-15924035840.0,-4207043328.0,-358144.0,98560.0,-512.0,256.0
812,0.0,1760540929536.0,9578483328.0,-16045590528.0,-4226840704.0,-361472.0,99456.0,-512.0,256.0
813,0.0,1750104805760.0,12748317952.0,-16180274176.0,-4246390784.0,-365312.0,100096.0,-512.0,256.0
814,0.0,1719836534912.0,13987627776.0,-16326847104.0,-4265684608.0,-369408.0,100608.0,-256.0,256.0
815,0.0,1731075319040.0,16948190592.0,-16483609216.0,-4284711808.0,-373760.0,101248.0,-640.0,-256.0
816,0.0,1783300104960.0,19896700032.0,-16648354560.0,-4303464192.0,-376960.0,101760.0,-512.0,0.0
817,0.0,1818072396672.0,21548841600.0,-16818317312.0,-4321929472.0,-381184.0,102528.0,-512.0,256.0
818,0.0,1716581693056.0,25513691392.0,-16990119040.0,-4340099968.0,-385280.0,103296.0,-256.0,384.0
819,0.0,1647814009216.0,26686778112.0,-17159712256.0,-4357964160.0,-388992.0,103296.0,-512.0,256.0
820,0.0,1690575946624.0,29654634240.0,-17322322432.0,-4375512320.0,-393088.0,104192.0,-256.0,-256.0
821,0.0,1725992680576.0,31862363904.0,-17472385280.0,-4392734208.0,-397184.0,105088.0,-256.0,-256.0
822,0.0,1727794216832.0,33333838336.0,-17603486208.0,-4409619584.0,-400768.0,105088.0,-512.0,256.0
823,0.0,1711478861312.0,36112801152.0,-17708290432.0,-4426156416.0,-405248.0,105856.0,-512.0,-256.0
824,0.0,1692350669440.0,36770330752.0,-17778477184.0,-4442335872.0,-408960.0,106368.0,-384.0,256.0
825,0.0,1684419058688.0,38638156928.0,-17804935168.0,-4458145664.0,-413184.0,107008.0,-256.0,256.0
826,0.0,1737056932736.0,39669492096.0,-17811118592.0,-4473575680.0,-417664.0,107904.0,-256.0,-256.0
827,0.0,1874096298368.0,40485036160.0,-17817394048.0,-4488614528.0,-421504.0,108544.0,-384.0,256.0
828,0.0,1852557632128.0,41691679488.0,-17823839104.0,-4503251200.0,-425728.0,109056.0,-640.0,0.0
829,0.0,1802141790720.0,41927214336.0,-17830525824.0,-4517473920.0,-430464.0,110080.0,-512.0,-256.0
830,0.0,1804208763904.0,42591308672.0,-17837519616.0,-4531271040.0,-434560.0,110080.0,-512.0,-256.0
831,0.0,1826531518080.0,42854844288.0,-17844873984.0,-4544631424.0,-438784.0,110976.0,-512.0,256.0
832,0.0,1833162776704.0,43013386240.0,-17852634880.0,-4557544192.0,-443264.0,111232.0,-384.0,384.0
833,0.0,1827285200000.0,43188102144.0,-17860832128.0,-4569995776.0,-447360.0,112640.0,-384.0,384.0
834,0.0,1817342804864.0,43223967488.0,-17869481728.0,-4581975296.0,-451584.0,112640.0,-256.0,-256.0
835,0.0,1788924643072.0,43270773632.0,-17878583680.0,-4593470208.0,-455936.0,113024.0,-896.0,256.0
836,0.0,1795011735936.0,43292099456.0,-17888120192.0,-4604467968.0,-460672.0,114176.0,-384.0,-256.0
837,0.0,1844913088256.0,42901500800.0,-17898050944.0,-4614956672.0,-465024.0,114560.0,-256.0,384.0
838,0.0,1884806000768.0,41966898560.0,-17908314752.0,-4624923520.0,-469376.0,115712.0,-384.0,256.0
839,0.0,1799530432256.0,41588497920.0,-17918825728.0,-4634356608.0,-474240.0,115968.0,-384.0,256.0
840,0.0,1730799160704.0,40938328320.0,-17929472640.0,-4643241600.0,-478336.0,116352.0,-384.0,256.0
841,0.0,1740036990720.0,39688316160.0,-17940115840.0,-4651566848.0,-483328.0,117504.0,-512.0,256.0
842,0.0,1758808597376.0,39300014080.0,-17950583808.0,-4659318656.0,-488064.0,117888.0,-256.0,384.0
843,0.0,1761986090112.0,38277027328.0,-17960675584.0,-4666484352.0,-492160.0,118144.0,256.0,256.0
844,0.0,1748769858304.0,36781854208.0,-17970156288.0,-4673049728.0,-497152.0,119296.0,256.0,256.0
845,0.0,1725566668928.0,36419931008.0,-17978752896.0,-4679001600.0,-501760.0,119936.0,-384.0,256.0
846,0.0,1710294926976.0,35189685376.0,-17986158720.0,-4684326784.0,-506752.0,120832.0,-384.0,-256.0
847,0.0,1753523645824.0,33812516608.0,-17991928448.0,-4689010688.0,-511104.0,121216.0,-384.0,256.0
848,0.0,1799234250752.0,33399265152.0,-17991858944.0,-4693040768.0,-516352.0,121728.0,-512.0,256.0
849,0.0,1787424156672.0,31939239936.0,-17983446400.0,-4696401024.0,-520832.0,122624.0,-512.0,-256.0
850,0.0,1693809536896.0,30787712640.0,-17966164096.0,-4699078400.0,-525696.0,123008.0,-384.0,0.0
851,0.0,1683887532288.0,30201460864.0,-17939586048.0,-4701058048.0,-530432.0,123520.0,-384.0,256.0
852,0.0,1722647290624.0,28601837184.0,-17903404416.0,-4702325888.0,-535424.0,124288.0,-512.0,-256.0
853,0.0,1738748524288.0,27730411776.0,-17857452928.0,-4702889344.0,-540416.0,124800.0,-640.0,-256.0
854,0.0,1731426150400.0,26932874368.0,-17801729792.0,-4703343744.0,-545536.0,126080.0,-256.0,0.0
855,0.0,1712908221440.0,25235879168.0,-17736419584.0,-4703960960.0,-550400.0,126080.0,-256.0,256.0
856,0.0,1693389051264.0,24401102208.0,-17661923200.0,-4704743936.0,-555392.0,126592.0,-256.0,-256.0
857,0.0,1699756253056.0,21182497792.0,-17578881408.0,-4705694208.0,-560512.0,127488.0,-512.0,-256.0
858,0.0,1807890573056.0,14811147136.0,-17488204288.0,-4706813312.0,-565376.0,128128.0,-512.0,0.0
859,0.0,1886862828672.0,10726288128.0,-17391105280.0,-4708102912.0,-570496.0,129280.0,-512.0,256.0
860,0.0,1854331878912.0,9414022400.0,-17289129088.0,-4709566208.0,-575360.0,129664.0,-512.0,256.0
861,0.0,1812366717312.0,5490101248.0,-17184187392.0,-4711204480.0,-580480.0,129664.0,-512.0,256.0
862,0.0,1829294920832.0,1069995904.0,-17078595712.0,-4713019648.0,-586112.0,130816.0,-512.0,256.0
863,0.0,1849245741824.0,230952576.0,-16975106560.0,-4715012992.0,-591232.0,131456.0,-512.0,-256.0
864,0.0,1851523799552.0,-2313561856.0,-16876954112.0,-4717187456.0,-596352.0,132352.0,-512.0,256.0
865,0.0,1842198734848.0,-6299387520.0,-16787890176.0,-4719544192.0,-601984.0,132608.0,-512.0,-256.0
866,0.0,1829500255232.0,-7609574528.0,-16712230656.0,-4722085120.0,-607104.0,133504.0,-256.0,256.0
867,0.0,1801381936256.0,-7669540480.0,-16654896768.0,-4724812672.0,-612096.0,134144.0,-384.0,-256.0
868,0.0,1827917758080.0,-7895563264.0,-16621464960.0,-4727728000.0,-617600.0,134400.0,-256.0,256.0
869,0.0,1885932237696.0,-8028854144.0,-16616472576.0,-4730832640.0,-622976.0,135040.0,-512.0,256.0
870,0.0,1885749512064.0,-6513494656.0,-16610931200.0,-4734128256.0,-628224.0,136064.0,-256.0,256.0
871,0.0,1771378320000.0,-1936160640.0,-16591567104.0,-4737617408.0,-634112.0,136832.0,-384.0,0.0
872,0.0,1739365588224.0,3522124544.0,-16557477888.0,-4741300608.0,-639488.0,137472.0,-384.0,256.0
873,0.0,1791323749504.0,4501826944.0,-16507931776.0,-4745180928.0,-644992.0,138112.0,-256.0,-256.0
874,0.0,1814638278912.0,6017309568.0,-16442400128.0,-4749259008.0,-650240.0,138752.0,-512.0,-256.0
875,0.0,1809629040384.0,8125833728.0,-16360595968.0,-4753535744.0,-656512.0,139264.0,-512.0,0.0
876,0.0,1792383529856.0,10296565376.0,-16262511872.0,-4758014592.0,-661632.0,140160.0,-256.0,256.0
877,0.0,1773596707968.0,17200565248.0,-16148461184.0,-4762695936.0,-667520.0,140288.0,-256.0,256.0
878,0.0,1775713197184.0,21604914560.0,-16019122432.0,-4767581056.0,-673024.0,141184.0,-512.0,0.0
879,0.0,1855388379136.0,25362307968.0,-15875584640.0,-4772671616.0,-678528.0,141824.0,0.0,-256.0
880,0.0,1952897156608.0,33958829952.0,-15719396224.0,-4777969024.0,-684032.0,142720.0,-256.0,-256.0
881,0.0,1923448050560.0,37376198144.0,-15552618240.0,-4783474944.0,-689920.0,143488.0,-512.0,-256.0
882,0.0,1884188391040.0,43793425152.0,-15377876096.0,-4789190400.0,-695552.0,144128.0,256.0,256.0
883,0.0,1897718998144.0,53780651520.0,-15198417536.0,-4795117440.0,-701696.0,144768.0,-256.0,0.0
884,0.0,1916900379520.0,56438700160.0,-15018173696.0,-4801255680.0,-707200.0,145280.0,-512.0,256.0
885,0.0,1920173148032.0,64840309376.0,-14841818496.0,-4807608320.0,-713472.0,146048.0,-512.0,256.0
886,0.0,1911507422848.0,73384486016.0,-14674837504.0,-4814175232.0,-719232.0,146816.0,-512.0,0.0
887,0.0,1900588211712.0,76099008256.0,-14523593728.0,-4820957952.0,-725120.0,147456.0,-384.0,256.0
888,0.0,1869320568320.0,84333691648.0,-14395400704.0,-4827957760.0,-731008.0,147840.0,-384.0,256.0
889,0.0,1889324357376.0,89073109120.0,-14298595072.0,-4835175168.0,-737152.0,148992.0,-256.0,384.0
890,0.0,1950690605440.0,91218935680.0,-14242616192.0,-4842612352.0,-742912.0,149632.0,0.0,0.0
891,0.0,1958905603072.0,95708492416.0,-14232499456.0,-4850268800.0,-748928.0,150272.0,-256.0,384.0
892,0.0,1851916161280.0,96823418368.0,-14210080128.0,-4858146816.0,-755200.0,151040.0,-512.0,0.0
893,0.0,1802957362688.0,95795745152.0,-14155461760.0,-4866246144.0,-761344.0,151168.0,-256.0,256.0
894,0.0,1854100476032.0,94387946624.0,-14066908416.0,-4874568576.0,-767488.0,152064.0,-512.0,256.0
895,0.0,1880956616192.0,92710114304.0,-13942993920.0,-4883113856.0,-773760.0,152320.0,-384.0,0.0
896,0.0,1877246394496.0,85392984448.0,-13782654336.0,-4891884160.0,-779648.0,153600.0,-384.0,256.0
897,0.0,1861446648576.0,78950632064.0,-13585240960.0,-4900879360.0,-785792.0,153856.0,-384.0,256.0
898,0.0,1843315433216.0,73746732928.0,-13350583168.0,-4910100224.0,-792320.0,155008.0,-512.0,256.0
899,0.0,1841965419264.0,59235837312.0,-13079044608.0,-4919547008.0,-798592.0,155392.0,-640.0,0.0
900,0.0,1914765572480.0,51766409344.0,-12771591424.0,-4929220224.0,-804864.0,155904.0,-384.0,0.0
901,0.0,2029429501952.0,41580601216.0,-12429856384.0,-4939121408.0,-811008.0,156800.0,-384.0,-256.0
902,0.0,1996535013376.0,22256799744.0,-12056212864.0,-4949250304.0,-817536.0,157696.0,0.0,256.0
903,0.0,1950972216064.0,16276599680.0,-11653847936.0,-4959606784.0,-823808.0,158080.0,-512.0,256.0
904,0.0,1961516061312.0,2091278720.0,-11226839296.0,-4970192128.0,-830208.0,159232.0,-384.0,256.0
905,0.0,1981861967872.0,-16338138496.0,-10780238464.0,-4981005568.0,-836864.0,159616.0,-256.0,256.0
906,0.0,1985598856448.0,-20845095680.0,-10320153472.0,-4992048512.0,-842752.0,159872.0,-256.0,-256.0
907,0.0,1978276595712.0,-35692423296.0,-9853837568.0,-5003320704.0,-849664.0,161024.0,-512.0,256.0
908,0.0,1967004808192.0,-47399873024.0,-9389780608.0,-5014821504.0,-855808.0,162048.0,-384.0,256.0
909,0.0,1934820404352.0,-51931269888.0,-8937806464.0,-5026551808.0,-862720.0,162304.0,-384.0,-256.0
910,0.0,1950916529152.0,-63182584064.0,-8509170176.0,-5038511104.0,-869632.0,162816.0,256.0,-256.0
911,0.0,2012339958016.0,-68119025920.0,-8116660736.0,-5050699136.0,-876160.0,163584.0,-256.0,256.0
912,0.0,2032264079232.0,-70921678336.0,-7774709504.0,-5063116800.0,-882816.0,164352.0,-256.0,-256.0
913,0.0,1924807853824.0,-75729384320.0,-7499498880.0,-5075762816.0,-889472.0,165376.0,-256.0,384.0
914,0.0,1867633171840.0,-76503445504.0,-7309077760.0,-5088637312.0,-896256.0,165888.0,-640.0,-256.0
915,0.0,1912309933312.0,-75467829632.0,-7223480320.0,-5101739904.0,-902784.0,166784.0,-256.0,256.0
916,0.0,1945873709312.0,-74268622464.0,-7216524800.0,-5115070080.0,-909824.0,167168.0,-512.0,256.0
917,0.0,1944289622912.0,-72885217024.0,-7185729920.0,-5128627584.0,-916224.0,167808.0,-384.0,256.0
918,0.0,1927287490304.0,-67495062016.0,-7124756224.0,-5142411648.0,-923520.0,168576.0,-384.0,256.0
919,0.0,1910122159744.0,-63829194880.0,-7031891712.0,-5156421248.0,-930304.0,169216.0,-256.0,256.0
920,0.0,1904614996864.0,-60301625728.0,-6905727744.0,-5170656896.0,-937344.0,170368.0,0.0,384.0
921,0.0,1973277654656.0,-51930053632.0,-6745212800.0,-5185116288.0,-944256.0,170752.0,-256.0,-256.0
922,0.0,2102240311552.0,-48658360960.0,-6549709056.0,-5199799296.0,-951424.0,171392.0,0.0,0.0
923,0.0,2068560018560.0,-43228798208.0,-6319052672.0,-5214705536.0,-957952.0,172032.0,-256.0,0.0
924,0.0,2019567894912.0,-34452025600.0,-6053617152.0,-5229832960.0,-965504.0,172800.0,-256.0,-256.0
925,0.0,2024309057920.0,-32298004992.0,-5754378880.0,-5245180416.0,-972160.0,173440.0,-384.0,256.0
926,0.0,2046327716608.0,-26045808256.0,-5422989696.0,-5260748928.0,-979456.0,174080.0,-256.0,-256.0
927,0.0,2051737080448.0,-19433904512.0,-5061847296.0,-5276534272.0,-986368.0,174720.0,-256.0,256.0
928,0.0,2045080967680.0,-17625969024.0,-4674175872.0,-5292536576.0,-993792.0,175616.0,-256.0,256.0
929,0.0,2034406743680.0,-11873892224.0,-4264102656.0,-5308754304.0,-1000704.0,176128.0,-512.0,256.0
930,0.0,2003716814720.0,-8377875072.0,-3836745984.0,-5325186048.0,-1007744.0,177152.0,-256.0,256.0
931,0.0,2015824987648.0,-6371821184.0,-3398301184.0,-5341830144.0,-1015424.0,177920.0,-384.0,256.0
932,0.0,2069033901312.0,-2126176128.0,-2956133248.0,-5358684928.0,-1022464.0,178560.0,0.0,-256.0
933,0.0,2102422818048.0,-714375168.0,-2518871552.0,-5375748736.0,-1030016.0,179200.0,-512.0,256.0
934,0.0,1997962712448.0,911316096.0,-2096510848.0,-5393019136.0,-1037440.0,179584.0,-512.0,256.0
935,0.0,1945342358784.0,3286464896.0,-1700512512.0,-5410495232.0,-1044608.0,180480.0,-384.0,-256.0
936,0.0,1959881214464.0,3705797632.0,-1343913472.0,-5428173440.0,-1051776.0,181248.0,-512.0,256.0
937,0.0,1978395898880.0,4571821824.0,-1041435648.0,-5446053632.0,-1059456.0,182016.0,-256.0,256.0
938,0.0,1979674845568.0,5383459712.0,-809603200.0,-5464131584.0,-1067008.0,182784.0,-256.0,256.0
939,0.0,1966362970880.0,5432558848.0,-666861312.0,-5482406656.0,-1074304.0,182912.0,-256.0,0.0
940,0.0,1942063735168.0,5459997824.0,-631291904.0,-5500875648.0,-1081856.0,184320.0,256.0,256.0
941,0.0,1930305558272.0,5479010816.0,-618786560.0,-5519535616.0,-1089408.0,184960.0,-256.0,-256.0
942,0.0,1972024966912.0,5188897536.0,-577036032.0,-5538384896.0,-1097216.0,185344.0,-256.0,256.0
943,0.0,2022480662784.0,4558688256.0,-504188160.0,-5557420160.0,-1104384.0,186112.0,-384.0,0.0
944,0.0,1998178918144.0,4269861760.0,-398670208.0,-5576639232.0,-1112192.0,186752.0,-256.0,256.0
945,0.0,1909889753856.0,2935592832.0,-259239296.0,-5596038016.0,-1120256.0,187648.0,0.0,384.0
946,0.0,1905059054080.0,737345792.0,-85035776.0,-5615614592.0,-1127424.0,188544.0,0.0,0.0
947,0.0,1945930192768.0,73189632.0,124359808.0,-5635365120.0,-1135360.0,189184.0,-256.0,256.0
948,0.0,1957375089408.0,-1299810560.0,368865664.0,-5655287424.0,-1143296.0,189824.0,-256.0,-256.0
949,0.0,1949326352128.0,-3723002624.0,647834880.0,-5675376896.0,-1150848.0,190720.0,-384.0,-256.0
950,0.0,1929475972992.0,-4526455552.0,959992704.0,-5695630976.0,-1158912.0,191360.0,-256.0,256.0
951,0.0,1909724305792.0,-6009929728.0,1303359360.0,-5716045696.0,-1166720.0,191616.0,-384.0,256.0
952,0.0,1924152980992.0,-8769837056.0,1675184640.0,-5736617728.0,-1174400.0,192768.0,-512.0,-256.0
953,0.0,2033831340416.0,-9791083008.0,2071864960.0,-5757342976.0,-1182336.0,192896.0,-384.0,256.0
954,0.0,2115084408960.0,-11264677120.0,2488868480.0,-5778217216.0,-1190400.0,194048.0,-256.0,0.0
955,0.0,2063185443840.0,-14105548672.0,2920647936.0,-5799237248.0,-1198208.0,194688.0,-256.0,256.0
956,0.0,2030046868224.0,-15258963456.0,3360554752.0,-5820397952.0,-1206144.0,195456.0,-256.0,-256.0
957,0.0,2051746071296.0,-16658434560.0,3800749952.0,-5841696384.0,-1214592.0,196224.0,256.0,256.0
958,0.0,2068776519424.0,-19502894080.0,4232107136.0,-5863127168.0,-1222528.0,196992.0,0.0,256.0
959,0.0,2068861361152.0,-20784459136.0,4644117120.0,-5884685824.0,-1230592.0,197632.0,-256.0,0.0
960,0.0,2060103856896.0,-22141960448.0,5024785536.0,-5906368768.0,-1238912.0,198528.0,-384.0,0.0
961,0.0,2041402443520.0,-25030760704.0,5360526720.0,-5928170368.0,-1246720.0,199168.0,-512.0,384.0
962,0.0,2019833857024.0,-26456339840.0,5636056704.0,-5950085760.0,-1255168.0,199680.0,-256.0,256.0
963,0.0,2050738344704.0,-27684348032.0,5834279552.0,-5972109568.0,-1263360.0,200448.0,-384.0,-256.0
964,0.0,2112434379648.0,-30441586688.0,5936168448.0,-5994237824.0,-1271680.0,201344.0,-512.0,0.0
965,0.0,2097868648832.0,-31932599296.0,5947415168.0,-6016464512.0,-1280000.0,201600.0,-256.0,-256.0
966,0.0,1980266146560.0,-32940419712.0,5971000192.0,-6038784640.0,-1288192.0,202496.0,-512.0,256.0
967,0.0,1963604793472.0,-35336603136.0,6021182208.0,-6061192192.0,-1296512.0,203008.0,-256.0,256.0
968,0.0,2012196825600.0,-36750556544.0,6099482496.0,-6083681792.0,-1305216.0,204032.0,256.0,0.0
969,0.0,2033560040192.0,-37352650112.0,6207155200.0,-6106247680.0,-1313408.0,204544.0,0.0,0.0
970,0.0,2026231239936.0,-38889228672.0,6345143936.0,-6128884352.0,-1322112.0,205824.0,-256.0,256.0
971,0.0,2007809975424.0,-39871761408.0,6514032384.0,-6151585408.0,-1330304.0,205824.0,-256.0,256.0
972,0.0,1990993654144.0,-39823727488.0,6713992448.0,-6174343680.0,-1338880.0,206976.0,-256.0,384.0
973,0.0,1997115328384.0,-39762210560.0,6944731520.0,-6197154048.0,-1347200.0,207616.0,-256.0,256.0
974,0.0,2093977470592.0,-39693174016.0,7205433344.0,-6220010368.0,-1355520.0,208256.0,-384.0,0.0
975,0.0,2169072964096.0,-38719216896.0,7494703360.0,-6242904960.0,-1364096.0,208896.0,-512.0,-256.0
976,0.0,2139414930048.0,-36098629632.0,7810498688.0,-6265831296.0,-1373184.0,209792.0,-256.0,-256.0
977,0.0,2102537842304.0,-34026499456.0,8150070656.0,-6288782976.0,-1381632.0,210688.0,-256.0,256.0
978,0.0,2118834821120.0,-31893770240.0,8509891456.0,-6311752064.0,-1389952.0,211584.0,-256.0,384.0
979,0.0,2136512232704.0,-25696737024.0,8885585664.0,-6334732800.0,-1399040.0,212096.0,-256.0,256.0
980,0.0,2138034637056.0,-20392514816.0,9271853696.0,-6357716096.0,-1408128.0,212224.0,-512.0,0.0
981,0.0,2129171115648.0,-17021882368.0,9662397824.0,-6380695296.0,-1416832.0,213376.0,-256.0,256.0
982,0.0,2114490692096.0,-6508353152.0,10049839360.0,-6403663104.0,-1425536.0,213888.0,-256.0,384.0
983,0.0,2087699242112.0,3238208640.0,10425635072.0,-6426610304.0,-1434496.0,215168.0,-256.0,256.0
984,0.0,2115450592512.0,7692350592.0,10779993088.0,-6449530624.0,-1443200.0,215424.0,-256.0,256.0
985,0.0,2174079294848.0,22504646144.0,11101780864.0,-6472414848.0,-1452544.0,216064.0,-256.0,0.0
986,0.0,2173452150016.0,37284841856.0,11378433792.0,-6495254784.0,-1460992.0,217600.0,256.0,256.0
987,0.0,2053150857088.0,42421235584.0,11595859584.0,-6518042624.0,-1470208.0,217856.0,-256.0,256.0
988,0.0,2024417779456.0,60245324032.0,11738336256.0,-6540768640.0,-1479040.0,218496.0,-256.0,256.0
989,0.0,2076354834944.0,79286055040.0,11788413568.0,-6563425280.0,-1488000.0,219136.0,-256.0,-256.0
990,0.0,2100481463168.0,84444205440.0,11795795456.0,-6586002048.0,-1497088.0,220032.0,-384.0,256.0
991,0.0,2095217163264.0,102448138368.0,11824010880.0,-6608491264.0,-1506688.0,220672.0,-512.0,-256.0
992,0.0,2077823768320.0,122951908480.0,11874411008.0,-6630882560.0,-1515392.0,221440.0,-256.0,-256.0
993,0.0,2059258072320.0,127268508160.0,11948149376.0,-6653166976.0,-1524864.0,222464.0,0.0,-256.0
994,0.0,2061785862272.0,141355378048.0,12046148736.0,-6675334912.0,-1533568.0,223104.0,-384.0,256.0
995,0.0,2143097032064.0,158416844032.0,12169058688.0,-6697376128.0,-1543040.0,223360.0,-256.0,256.0
996,0.0,2235056816512.0,156410598656.0,12317218304.0,-6719281664.0,-1552256.0,224512.0,0.0,256.0
997,0.0,2207101122048.0,144139538304.0,12490614144.0,-6741039488.0,-1561344.0,225408.0,-256.0,-256.0
998,0.0,2167599267584.0,139111748992.0,12688832640.0,-6762640896.0,-1570816.0,225408.0,-384.0,256.0
999,0.0,2181309514368.0,144424617600.0,12911016064.0,-6784074752.0,-1580160.0,226432.0,256.0,256.0
